Gene	pval	adjp	log2fc	Chr	Start	End	Strand	Biotype	Name	Description
ENSDARG00000041294	4.904002310063973e-37	1.0867269119101765e-32	1.5709251030700861	3	62161184	62169060	1	protein_coding	noxo1a	NADPH oxidase organizer 1a [Source:ZFIN;Acc:ZDB-GENE-030131-9700]
ENSDARG00000060498	1.1297090308658515e-25	1.2517176061993635e-21	1.5921762041345	23	30006206	30010042	1	protein_coding	tnfrsf9a	tumor necrosis factor receptor superfamily, member 9a [Source:ZFIN;Acc:ZDB-GENE-060421-8213]
ENSDARG00000031683	3.2009883731403506e-25	2.364463411626339e-21	-1.277820860357806	20	46552311	46554440	-1	protein_coding	fosab	v-fos FBJ murine osteosarcoma viral oncogene homolog Ab [Source:ZFIN;Acc:ZDB-GENE-031222-4]
ENSDARG00000077982	5.3336179195843655e-18	2.9548243274497384e-14	0.9349522690823255	22	661505	665371	1	protein_coding	elf3	E74-like factor 3 (ets domain transcription factor, epithelial-specific ) [Source:ZFIN;Acc:ZDB-GENE-030131-8760]
ENSDARG00000070480	1.2940060161760502e-17	5.735034663692255e-14	1.0699010828953783	19	30400372	30404096	-1	protein_coding	agr2	anterior gradient 2 [Source:NCBI gene;Acc:335616]
ENSDARG00000007769	4.245003753873642e-17	1.5678213864306653e-13	1.6785196633873156	7	56602521	56606752	-1	protein_coding	sult5a1	sulfotransferase family 5A, member 1 [Source:ZFIN;Acc:ZDB-GENE-060929-978]
ENSDARG00000102435	6.025610180317608e-17	1.9075360227976884e-13	1.0539265022132713	7	45975537	45976956	1	protein_coding	plekhf1	pleckstrin homology domain containing, family F (with FYVE domain) member 1 [Source:ZFIN;Acc:ZDB-GENE-040426-1289]
ENSDARG00000101482	9.742460938723084e-17	2.6986616800262944e-13	0.9350743176658163	5	13870340	14004206	1	protein_coding	hk2	hexokinase 2 [Source:ZFIN;Acc:ZDB-GENE-040426-2017]
ENSDARG00000034503	2.261103100242347e-16	5.567338300152267e-13	0.6082489350504545	2	48309600	48375342	-1	protein_coding	per2	period circadian clock 2 [Source:ZFIN;Acc:ZDB-GENE-011220-2]
ENSDARG00000013670	1.0522810463441053e-14	2.3318547986985375e-11	0.501555139479715	10	29770120	29791466	1	protein_coding	hyou1	hypoxia up-regulated 1 [Source:NCBI gene;Acc:327133]
ENSDARG00000039490	1.512705337165597e-14	3.047413661053603e-11	0.6085215887047808	15	28410664	28425011	1	protein_coding	pitpnaa	phosphatidylinositol transfer protein, alpha a [Source:ZFIN;Acc:ZDB-GENE-040426-744]
ENSDARG00000004748	1.8307399594121236e-14	3.380766458381055e-11	0.9454553792854178	3	39472342	39488639	-1	protein_coding	zgc:100868	zgc:100868 [Source:ZFIN;Acc:ZDB-GENE-040801-33]
ENSDARG00000102808	2.1424348715518527e-14	3.652027442583773e-11	0.6821759626764236	2	55783896	55797318	-1	protein_coding	calr3b	calreticulin 3b [Source:ZFIN;Acc:ZDB-GENE-030131-9907]
ENSDARG00000059294	2.3291216611160485e-14	3.686666857880831e-11	1.3130282232340535	9	795609	813693	-1	protein_coding	marco	macrophage receptor with collagenous structure [Source:ZFIN;Acc:ZDB-GENE-120514-2]
ENSDARG00000058731	4.991831533824549e-14	7.374599119303466e-11	1.6255695976681663	8	12854105	12867434	-1	protein_coding	slc2a6	solute carrier family 2 member 6 [Source:ZFIN;Acc:ZDB-GENE-081104-301]
ENSDARG00000030896	7.719036705446403e-14	1.0690865837043268e-10	-0.9713688558186517	2	720779	722170	-1	protein_coding	foxq1a	forkhead box Q1a [Source:ZFIN;Acc:ZDB-GENE-070424-74]
ENSDARG00000117300	2.9429498351169986e-13	3.836221667423099e-10	2.0475829982823557	18	38859119	38865170	-1	lincRNA	BX936456.1	NA
ENSDARG00000102758	6.2348371230544e-13	7.675777258160306e-10	1.249805693840729	8	52479026	52490474	1	protein_coding	FO704661.1	gamma-glutamyl hydrolase [Source:NCBI gene;Acc:553228]
ENSDARG00000004754	1.1924538885778223e-12	1.3907777984676073e-9	0.622628659541188	21	43137500	43171249	-1	protein_coding	hspa4a	heat shock protein 4a [Source:ZFIN;Acc:ZDB-GENE-040426-2832]
ENSDARG00000099960	1.8069533902392421e-12	2.0021043563850804e-9	0.752972837868809	2	19163965	19215112	1	protein_coding	elovl1a	ELOVL fatty acid elongase 1a [Source:ZFIN;Acc:ZDB-GENE-041010-66]
ENSDARG00000056615	1.925755438867434e-12	2.032130501204873e-9	1.0002525764906278	11	29795155	29818866	-1	protein_coding	cybb	cytochrome b-245, beta polypeptide (chronic granulomatous disease) [Source:ZFIN;Acc:ZDB-GENE-040426-1380]
ENSDARG00000073820	3.722650169017917e-12	3.749723988428957e-9	2.9105295192048515	14	11504504	11507426	-1	protein_coding	zgc:174917	zgc:174917 [Source:ZFIN;Acc:ZDB-GENE-070928-42]
ENSDARG00000003570	4.180286399057338e-12	4.027615069700461e-9	0.4408402681287371	4	9836465	9843836	1	protein_coding	hsp90b1	heat shock protein 90, beta (grp94), member 1 [Source:ZFIN;Acc:ZDB-GENE-031002-1]
ENSDARG00000077799	8.114185165368406e-12	7.492097636023496e-9	-0.824878899800482	23	45579497	45581626	1	protein_coding	egr4	early growth response 4 [Source:ZFIN;Acc:ZDB-GENE-080204-90]
ENSDARG00000053836	8.748206080357629e-12	7.754409869629003e-9	1.6917256073891547	2	37851124	37864665	-1	protein_coding	si:ch211-284o19.8	si:ch211-284o19.8 [Source:ZFIN;Acc:ZDB-GENE-070912-289]
ENSDARG00000094678	9.169858954621069e-12	7.81554132440011e-9	1.325721548732017	1	44784793	44796531	-1	protein_coding	si:dkey-9i23.6	si:dkey-9i23.6 [Source:ZFIN;Acc:ZDB-GENE-090313-365]
ENSDARG00000076914	3.424026322346613e-11	2.8102379001185536e-8	1.2874053438323019	9	18572970	18587754	1	protein_coding	lacc1	laccase (multicopper oxidoreductase) domain containing 1 [Source:ZFIN;Acc:ZDB-GENE-081104-155]
ENSDARG00000037421	3.779223118184061e-11	2.990985153534242e-8	-0.47424964768580935	14	21332522	21336385	-1	protein_coding	egr1	early growth response 1 [Source:NCBI gene;Acc:30498]
ENSDARG00000014340	4.5872825082270506e-11	3.505316564907291e-8	0.7606950242434621	16	46725087	46741779	1	protein_coding	rab11al	RAB11a, member RAS oncogene family, like [Source:ZFIN;Acc:ZDB-GENE-031118-188]
ENSDARG00000104773	5.70770673671431e-11	4.1069391754303735e-8	-0.4794165730608112	3	7654655	7656059	-1	protein_coding	junbb	JunB proto-oncogene, AP-1 transcription factor subunit b [Source:ZFIN;Acc:ZDB-GENE-040426-2666]
ENSDARG00000105749	5.745266897037075e-11	4.1069391754303735e-8	1.0878662503577485	4	72486529	72488135	-1	unprocessed_pseudogene	CR788316.2	NA
ENSDARG00000018491	6.174199934920327e-11	4.275633454932327e-8	0.630245868363129	24	17334678	17341458	1	protein_coding	pdia4	protein disulfide isomerase family A, member 4 [Source:ZFIN;Acc:ZDB-GENE-030131-5493]
ENSDARG00000109648	7.354226091385745e-11	4.9384742480335793e-8	1.3222409193784277	25	13180468	13188678	-1	protein_coding	si:ch211-147m6.1	si:ch211-147m6.1 [Source:ZFIN;Acc:ZDB-GENE-131120-57]
ENSDARG00000010231	8.933990212215326e-11	5.822859503020341e-8	0.5189851136051541	15	9053059	9069172	1	protein_coding	ppm1na	protein phosphatase, Mg2+/Mn2+ dependent, 1Na (putative) [Source:ZFIN;Acc:ZDB-GENE-040426-2731]
ENSDARG00000039142	1.210687528412134e-10	7.665381608460826e-8	0.5162005441350148	2	20967673	20975677	1	protein_coding	arpc5a	actin related protein 2/3 complex, subunit 5A [Source:ZFIN;Acc:ZDB-GENE-030131-8448]
ENSDARG00000104672	2.0314639960080642e-10	1.2504789486538527e-7	0.555975982478973	KN149880.1	4887	50623	1	protein_coding	CABZ01074397.1	NACHT, LRR and PYD domains-containing protein 3-like [Source:NCBI gene;Acc:100535428]
ENSDARG00000054196	2.2646593068819166e-10	1.356347303797386e-7	-1.13321464745115	7	29163762	29176207	1	protein_coding	slc38a8b	solute carrier family 38 member 8b [Source:ZFIN;Acc:ZDB-GENE-121005-6]
ENSDARG00000090548	3.2166519330623694e-10	1.8758159693858449e-7	0.7061234161583239	24	11058151	11069237	-1	protein_coding	CR753886.1	GTPase IMAP family member 4 [Source:NCBI gene;Acc:793765]
ENSDARG00000104919	3.9364387399614275e-10	2.2367046789114162e-7	2.5852413346705836	14	11430796	11438060	1	protein_coding	si:ch211-153b23.3	si:ch211-153b23.3 [Source:ZFIN;Acc:ZDB-GENE-141216-408]
ENSDARG00000062788	6.698135801660169e-10	3.7107672341197336e-7	2.2356761474318043	14	11427052	11430610	-1	protein_coding	irg1l	immunoresponsive gene 1, like [Source:ZFIN;Acc:ZDB-GENE-061103-301]
ENSDARG00000079227	8.009044554285998e-10	4.3287909103165297e-7	0.9458798258852622	12	30517386	30523229	-1	protein_coding	plekhs1	pleckstrin homology domain containing, family S member 1 [Source:ZFIN;Acc:ZDB-GENE-080204-50]
ENSDARG00000051888	8.904201215650017e-10	4.6980261652096274e-7	0.31854230829772945	7	56472568	56484798	1	protein_coding	ist1	IST1 factor associated with ESCRT-III [Source:ZFIN;Acc:ZDB-GENE-030131-179]
ENSDARG00000077169	9.152532133559147e-10	4.7089485706046475e-7	2.0351069373841257	14	11450498	11456724	-1	protein_coding	si:ch211-153b23.4	si:ch211-153b23.4 [Source:ZFIN;Acc:ZDB-GENE-030131-7332]
ENSDARG00000056196	9.349897883872044e-10	4.7089485706046475e-7	-0.3522949077456573	2	25816843	25837986	1	protein_coding	slc2a2	solute carrier family 2 member 2 [Source:ZFIN;Acc:ZDB-GENE-030131-1213]
ENSDARG00000018283	9.986237724905935e-10	4.917667288531457e-7	0.6906438815403232	18	31073265	31075619	1	protein_coding	cyba	cytochrome b-245, alpha polypeptide [Source:ZFIN;Acc:ZDB-GENE-040426-1526]
ENSDARG00000105731	1.097235493243774e-9	5.285812723974355e-7	1.0556474161967873	4	72463842	72476526	-1	protein_coding	CR788316.1	verrucotoxin subunit beta-like [Source:NCBI gene;Acc:103908715]
ENSDARG00000004954	1.1722365209185645e-9	5.526970490118169e-7	0.9790063622090359	3	29914427	29941357	-1	protein_coding	grna	granulin a [Source:ZFIN;Acc:ZDB-GENE-030131-8434]
ENSDARG00000025903	1.569328763758626e-9	7.245067792685657e-7	0.8120264018695903	15	31032255	31043183	-1	protein_coding	lgals9l1	lectin, galactoside-binding, soluble, 9 (galectin 9)-like 1 [Source:ZFIN;Acc:ZDB-GENE-030131-9543]
ENSDARG00000025094	1.7688369504316192e-9	7.999474861543812e-7	0.4092591149245191	6	42932757	42949184	-1	protein_coding	edem1	ER degradation enhancer, mannosidase alpha-like 1 [Source:ZFIN;Acc:ZDB-GENE-040426-808]
ENSDARG00000100504	1.8134308370425946e-9	8.037125469772779e-7	-0.6578370735924596	6	18196961	18199062	-1	protein_coding	ppp1r27b	protein phosphatase 1, regulatory subunit 27b [Source:ZFIN;Acc:ZDB-GENE-051023-5]
ENSDARG00000105829	2.5262581957696203e-9	1.0976839532991134e-6	1.135502754902631	4	72500840	72513569	-1	protein_coding	CR788316.4	neoverrucotoxin subunit beta-like [Source:NCBI gene;Acc:100004951]
ENSDARG00000104077	2.967959779567402e-9	1.2648074752925697e-6	0.734136167659851	2	58077662	58085444	-1	protein_coding	fcer1gl	Fc receptor, IgE, high affinity I, gamma polypeptide like [Source:ZFIN;Acc:ZDB-GENE-070502-4]
ENSDARG00000037654	3.0949156236496423e-9	1.2940250984920014e-6	0.8373356218715431	1	9860381	9866856	1	protein_coding	pmm2	phosphomannomutase 2 [Source:ZFIN;Acc:ZDB-GENE-030722-6]
ENSDARG00000045561	3.5754388838124707e-9	1.4672541789867474e-6	1.1573719641210483	4	17662413	17669881	-1	protein_coding	dram1	DNA-damage regulated autophagy modulator 1 [Source:ZFIN;Acc:ZDB-GENE-041010-147]
ENSDARG00000103650	3.9399450361213485e-9	1.587439672735438e-6	0.914504826638588	12	44119432	44307963	-1	protein_coding	si:ch73-329n5.1	si:ch73-329n5.1 [Source:ZFIN;Acc:ZDB-GENE-131121-475]
ENSDARG00000026759	4.7882217967780885e-9	1.894767768153615e-6	0.4637992958650062	6	102506	109626	1	protein_coding	ldlrb	low density lipoprotein receptor b [Source:ZFIN;Acc:ZDB-GENE-040426-1254]
ENSDARG00000056587	5.9039111013900796e-9	2.2627337645379113e-6	-0.9299616282408871	7	27455321	27697234	1	protein_coding	cyp2r1	cytochrome P450, family 2, subfamily R, polypeptide 1 [Source:ZFIN;Acc:ZDB-GENE-110114-1]
ENSDARG00000033144	5.922317614765291e-9	2.2627337645379113e-6	0.8745173190383725	12	13319132	13331980	1	protein_coding	psme2	proteasome activator subunit 2 [Source:ZFIN;Acc:ZDB-GENE-991110-16]
ENSDARG00000092714	7.0041882332263685e-9	2.6307256143779038e-6	1.3245511856319625	4	13499264	13502549	-1	protein_coding	si:ch211-266a5.12	si:ch211-266a5.12 [Source:ZFIN;Acc:ZDB-GENE-081104-210]
ENSDARG00000103846	7.509898584884396e-9	2.7736558773506366e-6	0.44428649703383055	5	2713779	2721686	-1	protein_coding	hspa5	heat shock protein 5 [Source:NCBI gene;Acc:378848]
ENSDARG00000101567	9.22797384866167e-9	3.3523262374810265e-6	0.6664672214886601	22	1092479	1109547	1	protein_coding	guca1e	guanylate cyclase activator 1e [Source:ZFIN;Acc:ZDB-GENE-040426-1577]
ENSDARG00000014386	9.934536856784396e-9	3.5507957539732617e-6	0.545602402651465	23	26763338	26784771	-1	protein_coding	galnt6	UDP-N-acetyl-alpha-D-galactosamine:polypeptide N-acetylgalactosaminyltransferase 6 (GalNAc-T6) [Source:ZFIN;Acc:ZDB-GENE-040426-2272]
ENSDARG00000033587	1.0529364167311981e-8	3.703662062660849e-6	1.5417109090922712	20	2039518	2054547	1	protein_coding	CABZ01088134.1	enoyl-[acyl-carrier-protein] reductase, mitochondrial-like [Source:NCBI gene;Acc:101884755]
ENSDARG00000037488	1.1560989745969307e-8	4.002992699541873e-6	0.2572986215671799	14	16432738	16476863	-1	protein_coding	canx	calnexin [Source:ZFIN;Acc:ZDB-GENE-040426-2797]
ENSDARG00000058206	1.2982514101567744e-8	4.426038653703711e-6	1.3909764127466602	14	11457500	11461002	1	protein_coding	si:ch211-153b23.5	si:ch211-153b23.5 [Source:ZFIN;Acc:ZDB-GENE-030131-9744]
ENSDARG00000071014	1.5457477817029022e-8	5.189965279172169e-6	0.4586329939546104	19	7575141	7591062	1	protein_coding	s100u	S100 calcium binding protein U [Source:ZFIN;Acc:ZDB-GENE-030131-3121]
ENSDARG00000026925	1.577446787330522e-8	5.21734638914095e-6	1.6251667531264744	5	43782267	43796971	1	protein_coding	nos2a	nitric oxide synthase 2a, inducible [Source:ZFIN;Acc:ZDB-GENE-040305-1]
ENSDARG00000026049	1.86001498583087e-8	6.0614606008841285e-6	2.074171338763346	15	5086338	5106171	1	protein_coding	mxf	myxovirus (influenza virus) resistance F [Source:ZFIN;Acc:ZDB-GENE-030721-9]
ENSDARG00000012297	2.688271746277304e-8	8.633637956160152e-6	1.0734468441753984	1	10771457	10776547	1	protein_coding	cnga3b	cyclic nucleotide gated channel subunit alpha 3b [Source:ZFIN;Acc:ZDB-GENE-090312-121]
ENSDARG00000002401	2.7359721244339837e-8	8.661306039636725e-6	0.790040351671158	17	24877392	24890932	-1	protein_coding	gale	UDP-galactose-4-epimerase [Source:ZFIN;Acc:ZDB-GENE-060421-6479]
ENSDARG00000021443	2.8549515457062855e-8	8.89394639999117e-6	-0.2700342649739756	20	9575374	9580446	-1	protein_coding	zfp36l1b	zinc finger protein 36, C3H type-like 1b [Source:ZFIN;Acc:ZDB-GENE-030131-2391]
ENSDARG00000021004	2.889729877253449e-8	8.89394639999117e-6	0.3347674143843456	5	63458263	63509581	-1	protein_coding	c5	complement component 5 [Source:ZFIN;Acc:ZDB-GENE-120510-2]
ENSDARG00000070651	3.013342034431232e-8	9.147350614109054e-6	0.49240188411889213	11	18343890	18384534	-1	protein_coding	prkcdb	protein kinase C, delta b [Source:ZFIN;Acc:ZDB-GENE-111129-1]
ENSDARG00000032465	3.058039613970791e-8	9.157588898053071e-6	0.48159112301803497	2	37110504	37122351	1	protein_coding	slc1a8b	solute carrier family 1 member 8b [Source:ZFIN;Acc:ZDB-GENE-070912-552]
ENSDARG00000099195	3.427521187742691e-8	1.012718260271707e-5	-0.46248020066546003	3	33761549	33762726	1	protein_coding	ier2a	immediate early response 2a [Source:NCBI gene;Acc:797137]
ENSDARG00000107486	3.897316008968241e-8	1.1363752994570555e-5	1.9048260482401642	1	8001435	8012476	-1	protein_coding	CR855320.3	si:dkey-79f11.10 [Source:NCBI gene;Acc:100007523]
ENSDARG00000020573	4.952400731570429e-8	1.425262340410399e-5	0.1637623498455332	9	33334501	33354738	1	protein_coding	ddx3xa	DEAD-box helicase 3 X-linked a [Source:ZFIN;Acc:ZDB-GENE-030131-1565]
ENSDARG00000052170	5.378026233646618e-8	1.5279110427898597e-5	0.5220868884437774	6	35033457	35052388	-1	protein_coding	uap1	UDP-N-acetylglucosamine pyrophosphorylase 1 [Source:ZFIN;Acc:ZDB-GENE-030131-1233]
ENSDARG00000056874	6.11367103959139e-8	1.7149234207258887e-5	0.9322402181760222	14	20893065	20898499	1	protein_coding	lygl1	lysozyme g-like 1 [Source:ZFIN;Acc:ZDB-GENE-040718-461]
ENSDARG00000017874	6.593931807955883e-8	1.8265191108037797e-5	0.44934653639210415	7	20779026	20796935	-1	protein_coding	dnajc3b	DnaJ (Hsp40) homolog, subfamily C, member 3b [Source:ZFIN;Acc:ZDB-GENE-000831-4]
ENSDARG00000068152	8.809742925542934e-8	2.4101716448152028e-5	0.7714370033487951	18	26649860	26715655	-1	protein_coding	malt3	MALT paracaspase 3 [Source:ZFIN;Acc:ZDB-GENE-050419-182]
ENSDARG00000090730	9.736387980684275e-8	2.631199483560531e-5	1.0501830894570803	21	27448856	27461206	1	protein_coding	cfbl	complement factor b, like [Source:ZFIN;Acc:ZDB-GENE-030131-2319]
ENSDARG00000101040	1.2007636599072872e-7	3.205894301631986e-5	1.2869144859358186	2	45191049	45193014	1	protein_coding	ccl20a.3	chemokine (C-C motif) ligand 20a, duplicate 3 [Source:ZFIN;Acc:ZDB-GENE-081022-193]
ENSDARG00000067672	1.2286665094877014e-7	3.241339267886602e-5	1.163806864506168	5	51156808	51166025	-1	protein_coding	card9	caspase recruitment domain family, member 9 [Source:ZFIN;Acc:ZDB-GENE-060531-94]
ENSDARG00000015709	1.267360144132834e-7	3.304082446351011e-5	0.5018095423061928	25	30196039	30230559	1	protein_coding	hsd17b12a	hydroxysteroid (17-beta) dehydrogenase 12a [Source:NCBI gene;Acc:327417]
ENSDARG00000105142	1.3428959340446795e-7	3.460299290515128e-5	0.46894131852274523	14	16777308	16810489	-1	protein_coding	tcirg1b	T cell immune regulator 1, ATPase H+ transporting V0 subunit a3b [Source:ZFIN;Acc:ZDB-GENE-040426-2022]
ENSDARG00000074322	1.8153098922284248e-7	4.5995118211108656e-5	1.390492361224908	25	13191391	13194926	1	protein_coding	si:ch211-194m7.3	si:ch211-194m7.3 [Source:ZFIN;Acc:ZDB-GENE-131121-19]
ENSDARG00000099695	1.8265209397913184e-7	4.5995118211108656e-5	0.6859864713559454	3	13911950	13921173	-1	protein_coding	si:dkey-61n16.5	si:dkey-61n16.5 [Source:ZFIN;Acc:ZDB-GENE-100922-235]
ENSDARG00000071437	1.935806027374436e-7	4.819939501867135e-5	0.6005664387693402	22	22977268	23067859	-1	protein_coding	ptprc	protein tyrosine phosphatase receptor type C [Source:ZFIN;Acc:ZDB-GENE-050208-585]
ENSDARG00000009484	2.649860566371607e-7	6.477001274968236e-5	0.22374559760813278	2	3062737	3077027	-1	protein_coding	arf1	ADP-ribosylation factor 1 [Source:ZFIN;Acc:ZDB-GENE-010724-5]
ENSDARG00000086337	2.6597794044319024e-7	6.477001274968236e-5	1.3417174978683006	21	4702773	4707754	1	protein_coding	si:dkey-102g19.3	si:dkey-102g19.3 [Source:ZFIN;Acc:ZDB-GENE-091204-230]
ENSDARG00000098853	3.1784643500562445e-7	7.584839099293074e-5	0.4419766497449214	14	45434680	45464112	-1	protein_coding	ehd1a	EH-domain containing 1a [Source:ZFIN;Acc:ZDB-GENE-040426-2518]
ENSDARG00000100826	3.184159716515692e-7	7.584839099293074e-5	0.3066440946910297	15	25501864	25527581	-1	protein_coding	hif1al	hypoxia inducible factor 1 subunit alpha, like [Source:ZFIN;Acc:ZDB-GENE-040426-1315]
ENSDARG00000086881	3.217395646812044e-7	7.584839099293074e-5	-0.5135708989354807	11	31038409	31039533	-1	protein_coding	ier2b	immediate early response 2b [Source:ZFIN;Acc:ZDB-GENE-030131-8244]
ENSDARG00000010641	4.1586514597908384e-7	9.700601720943682e-5	0.226494640060152	10	17713022	17728165	1	protein_coding	slc20a1b	solute carrier family 20 member 1b [Source:NCBI gene;Acc:321541]
ENSDARG00000076839	4.3613790702626757e-7	1.0067516687189677e-4	0.8035926182925016	15	509126	516750	1	protein_coding	ftr86	finTRIM family, member 86 [Source:ZFIN;Acc:ZDB-GENE-060929-108]
ENSDARG00000041051	4.606472017864658e-7	1.0523651537719672e-4	-0.45177813415805135	9	30263188	30264415	-1	protein_coding	mid1ip1a	MID1 interacting protein 1a [Source:NCBI gene;Acc:30600]
ENSDARG00000077308	5.184394944947707e-7	1.1723080814289917e-4	1.7976762402647475	6	39114345	39119142	1	protein_coding	gpr84	G protein-coupled receptor 84 [Source:ZFIN;Acc:ZDB-GENE-070928-33]
ENSDARG00000010423	5.64267986343911e-7	1.2630483411496028e-4	0.5166813225732619	7	38653481	38659477	-1	protein_coding	npsn	nephrosin [Source:ZFIN;Acc:ZDB-GENE-040420-2]
ENSDARG00000076146	6.031064561767043e-7	1.3364839068875768e-4	0.8416484290230657	7	2244859	2249885	1	protein_coding	zgc:172075	zgc:172075 [Source:ZFIN;Acc:ZDB-GENE-080215-3]
ENSDARG00000026629	6.399168952918797e-7	1.404015683135451e-4	0.46783619189118114	20	26709009	26822550	-1	protein_coding	gmds	GDP-mannose 4,6-dehydratase [Source:ZFIN;Acc:ZDB-GENE-050419-45]
ENSDARG00000074656	7.67878145504591e-7	1.6682529121942878e-4	0.7293490908424903	16	29509133	29513434	1	protein_coding	ctss2.1	cathepsin S, ortholog2, tandem duplicate 1 [Source:ZFIN;Acc:ZDB-GENE-050522-559]
ENSDARG00000055045	8.054950170334563e-7	1.732987337617611e-4	0.5483320240715376	14	4125363	4145594	-1	protein_coding	casp3b	caspase 3, apoptosis-related cysteine peptidase b [Source:ZFIN;Acc:ZDB-GENE-070607-1]
ENSDARG00000002165	9.812800194903273e-7	2.0908812722986205e-4	0.7659495773827513	24	12945803	12954482	1	protein_coding	psme1	proteasome activator subunit 1 [Source:ZFIN;Acc:ZDB-GENE-991110-17]
ENSDARG00000016260	1.0295778678143546e-6	2.1728995762634377e-4	-0.20328523879045288	7	22718251	22761090	1	protein_coding	fxr2	fragile X mental retardation, autosomal homolog 2 [Source:ZFIN;Acc:ZDB-GENE-040426-943]
ENSDARG00000102599	1.1902347697966538e-6	2.488264386669231e-4	0.36838932990785694	8	52515188	52529642	1	protein_coding	si:ch1073-392o20.2	si:ch1073-392o20.2 [Source:ZFIN;Acc:ZDB-GENE-091204-431]
ENSDARG00000063177	1.241142522453093e-6	2.5704409623888356e-4	0.6496780828421899	22	32228882	32235551	1	protein_coding	manf	mesencephalic astrocyte-derived neurotrophic factor [Source:ZFIN;Acc:ZDB-GENE-060929-640]
ENSDARG00000010312	1.3316164337955993e-6	2.7322796456398594e-4	0.538630506528799	22	38173960	38199988	1	protein_coding	cp	ceruloplasmin [Source:ZFIN;Acc:ZDB-GENE-010522-1]
ENSDARG00000117266	1.5067033090350186e-6	3.0631692961666067e-4	1.0766400758977743	12	46071521	46083500	-1	lincRNA	FO904966.1	NA
ENSDARG00000105424	1.7076930367696672e-6	3.440225244983257e-4	0.39712276747502373	14	32866748	32876280	-1	protein_coding	si:rp71-46j2.7	si:rp71-46j2.7 [Source:ZFIN;Acc:ZDB-GENE-160113-120]
ENSDARG00000020298	1.8085464146809996e-6	3.61057554498477e-4	-0.46964113095654475	22	336256	339623	1	protein_coding	btg2	B-cell translocation gene 2 [Source:ZFIN;Acc:ZDB-GENE-000210-15]
ENSDARG00000088440	1.9472682409898295e-6	3.8528093053870197e-4	0.36384344558628035	15	28545143	28587490	-1	protein_coding	ssh2a	slingshot protein phosphatase 2a [Source:ZFIN;Acc:ZDB-GENE-030131-3810]
ENSDARG00000013598	2.014049642878469e-6	3.9140003802652553e-4	1.323764181093022	15	34699585	34702661	1	protein_coding	tnfb	tumor necrosis factor b (TNF superfamily, member 2) [Source:ZFIN;Acc:ZDB-GENE-050601-2]
ENSDARG00000105641	2.014134482018572e-6	3.9140003802652553e-4	0.44569218916239756	7	34256520	34265481	-1	protein_coding	si:ch211-98n17.5	si:ch211-98n17.5 [Source:ZFIN;Acc:ZDB-GENE-160728-87]
ENSDARG00000090526	2.0311825078091353e-6	3.9140003802652553e-4	0.8008135202693695	12	30540911	30549022	-1	protein_coding	zgc:158404	zgc:158404 [Source:ZFIN;Acc:ZDB-GENE-070112-592]
ENSDARG00000068951	2.074620510962754e-6	3.9632405623219504e-4	1.5548905409239473	18	15758375	15768336	1	protein_coding	si:ch211-219a15.4	si:ch211-219a15.4 [Source:ZFIN;Acc:ZDB-GENE-060503-308]
ENSDARG00000103979	2.574148362227508e-6	4.8754810005950064e-4	0.3170293428357583	22	4762478	4769140	-1	protein_coding	calr3a	calreticulin 3a [Source:ZFIN;Acc:ZDB-GENE-000208-17]
ENSDARG00000091260	2.783740232209556e-6	5.227769792013878e-4	0.36370921027163056	2	394166	424925	1	protein_coding	mylk4a	myosin light chain kinase family, member 4a [Source:ZFIN;Acc:ZDB-GENE-120824-2]
ENSDARG00000070682	3.0139735975458675e-6	5.612576043833313e-4	0.23580222789984337	23	24693533	24699400	-1	protein_coding	sdf4	stromal cell derived factor 4 [Source:NCBI gene;Acc:406360]
ENSDARG00000098700	3.2070605078988385e-6	5.922371737919855e-4	1.4599746026175269	10	44955106	44964776	1	protein_coding	il1b	interleukin 1, beta [Source:ZFIN;Acc:ZDB-GENE-040702-2]
ENSDARG00000058647	3.3987572138303156e-6	6.224500814750397e-4	0.6859448668876301	23	7505943	7545960	1	protein_coding	hck	HCK proto-oncogene, Src family tyrosine kinase [Source:ZFIN;Acc:ZDB-GENE-090313-72]
ENSDARG00000035598	3.5146211176505798e-6	6.367196227094979e-4	0.2318055730757153	5	20319519	20419863	1	protein_coding	coro1ca	coronin, actin binding protein, 1Ca [Source:NCBI gene;Acc:317741]
ENSDARG00000032801	3.534138700057231e-6	6.367196227094979e-4	0.6204799440712019	10	2715548	2755378	1	protein_coding	grk5	G protein-coupled receptor kinase 5 [Source:ZFIN;Acc:ZDB-GENE-091204-274]
ENSDARG00000101334	3.5837237139209578e-6	6.404461088749067e-4	0.30461790496486985	15	43604032	43625549	-1	protein_coding	ctsc	cathepsin C [Source:ZFIN;Acc:ZDB-GENE-030619-9]
ENSDARG00000079497	3.6199335368066345e-6	6.417418174050802e-4	-0.38540538919699724	5	27866649	27867657	-1	protein_coding	tcima	transcriptional and immune response regulator a [Source:ZFIN;Acc:ZDB-GENE-050320-36]
ENSDARG00000016939	3.895178048315813e-6	6.800253756243477e-4	0.5244402779876073	9	44961138	44983666	-1	protein_coding	itgb2	integrin, beta 2 [Source:ZFIN;Acc:ZDB-GENE-110411-4]
ENSDARG00000090654	3.8972573422514515e-6	6.800253756243477e-4	0.20874415017840736	5	9441198	9540770	-1	protein_coding	gak	cyclin G associated kinase [Source:ZFIN;Acc:ZDB-GENE-041210-358]
ENSDARG00000069844	4.114385003929048e-6	7.123029038052164e-4	2.071469758715137	9	21833628	21838045	-1	protein_coding	acod1	aconitate decarboxylase 1 [Source:ZFIN;Acc:ZDB-GENE-081104-428]
ENSDARG00000087706	4.1861422394847545e-6	7.140969520899126e-4	1.6459446096984358	16	21808418	21810668	-1	protein_coding	dicp3.3	diverse immunoglobulin domain-containing protein 3.3 [Source:ZFIN;Acc:ZDB-GENE-120306-20]
ENSDARG00000097909	4.219234903096551e-6	7.140969520899126e-4	1.5578954590925391	6	39290777	39306721	1	protein_coding	si:dkey-195m11.11	si:dkey-195m11.11 [Source:ZFIN;Acc:ZDB-GENE-131127-648]
ENSDARG00000042816	4.221421512805891e-6	7.140969520899126e-4	1.225757439867216	8	24281512	24295947	1	protein_coding	mmp9	matrix metallopeptidase 9 [Source:ZFIN;Acc:ZDB-GENE-040426-2132]
ENSDARG00000005821	4.509540590600214e-6	7.570562082401572e-4	0.9066123537656684	7	41329748	41338923	-1	protein_coding	ncf2	neutrophil cytosolic factor 2 [Source:ZFIN;Acc:ZDB-GENE-070209-29]
ENSDARG00000058325	4.815454899640088e-6	8.023344404212358e-4	0.6081813768114906	6	13045885	13058979	1	protein_coding	casp8	caspase 8, apoptosis-related cysteine peptidase [Source:ZFIN;Acc:ZDB-GENE-000713-1]
ENSDARG00000090783	5.510762161994259e-6	9.113320112671103e-4	0.994449004485408	1	59090583	59092056	1	protein_coding	mfap4	microfibril associated protein 4 [Source:ZFIN;Acc:ZDB-GENE-040426-2246]
ENSDARG00000007377	5.61409762285162e-6	9.215437283140141e-4	0.372186778125132	17	51743908	51760243	1	protein_coding	odc1	ornithine decarboxylase 1 [Source:ZFIN;Acc:ZDB-GENE-010816-1]
ENSDARG00000041382	6.237395837426514e-6	0.001016328615863026	0.44488844011653267	16	5650495	5671862	-1	protein_coding	si:dkey-283b15.2	si:dkey-283b15.2 [Source:ZFIN;Acc:ZDB-GENE-100921-93]
ENSDARG00000059231	6.419662181526891e-6	0.001031778388507698	0.7467135676563544	15	2421432	2472933	1	protein_coding	hephl1a	hephaestin-like 1a [Source:ZFIN;Acc:ZDB-GENE-070801-4]
ENSDARG00000068382	6.425334729876458e-6	0.001031778388507698	1.2270987313652162	18	40902636	40905901	-1	protein_coding	pglyrp5	peptidoglycan recognition protein 5 [Source:ZFIN;Acc:ZDB-GENE-050419-71]
ENSDARG00000040100	6.514735664543359e-6	0.0010386082181746822	0.595370461902283	18	8869465	8889382	-1	protein_coding	si:dkey-95h12.1	si:dkey-95h12.1 [Source:ZFIN;Acc:ZDB-GENE-060503-85]
ENSDARG00000022303	7.067488163071303e-6	0.001118682412097572	0.4060841466126268	2	2168547	2175629	1	protein_coding	higd1a	HIG1 hypoxia inducible domain family, member 1A [Source:ZFIN;Acc:ZDB-GENE-030826-15]
ENSDARG00000099111	7.3353900753508485e-6	0.001152852794821098	-0.2973567250328187	5	67812062	67834257	1	protein_coding	zgc:175280	zgc:175280 [Source:ZFIN;Acc:ZDB-GENE-080219-39]
ENSDARG00000092778	7.587850386783485e-6	0.0011807249797647487	1.6941609994517286	3	5083407	5113772	1	protein_coding	si:ch73-338o16.4	si:ch73-338o16.4 [Source:ZFIN;Acc:ZDB-GENE-131119-14]
ENSDARG00000004261	7.619299282777936e-6	0.0011807249797647487	0.31461161300640833	14	26404640	26411918	-1	protein_coding	tmed9	transmembrane p24 trafficking protein 9 [Source:ZFIN;Acc:ZDB-GENE-050417-434]
ENSDARG00000057504	7.683749003308805e-6	0.0011824435966202994	-0.5059644746660716	15	9072821	9089507	1	protein_coding	si:dkey-202g17.3	si:dkey-202g17.3 [Source:ZFIN;Acc:ZDB-GENE-131127-371]
ENSDARG00000017489	8.014919251345196e-6	0.0012249007628262728	0.8219930990794789	13	37605896	37608441	-1	protein_coding	ifi45	interferon alpha inducible protein 45 [Source:ZFIN;Acc:ZDB-GENE-051030-98]
ENSDARG00000070331	8.131879524918206e-6	0.0012342633580286813	0.5651324409427162	25	8356707	8400166	1	protein_coding	muc5.1	mucin 5.1, oligomeric mucus/gel-forming [Source:ZFIN;Acc:ZDB-GENE-120822-1]
ENSDARG00000023498	8.481495567438753e-6	0.0012785710324792025	0.43916332050522305	6	13506841	13514230	1	protein_coding	gmppab	GDP-mannose pyrophosphorylase Ab [Source:NCBI gene;Acc:393469]
ENSDARG00000052438	8.956366624917154e-6	0.0013410343541092173	0.1932868537693952	1	51407520	51428106	1	protein_coding	actr2a	actin related protein 2a [Source:NCBI gene;Acc:406820]
ENSDARG00000097157	9.127074698611103e-6	0.0013574226531625638	0.6987732938665536	15	29593547	29598679	-1	protein_coding	si:ch211-207n23.2	si:ch211-207n23.2 [Source:ZFIN;Acc:ZDB-GENE-131121-310]
ENSDARG00000034211	9.715211246835074e-6	0.0014352605415324348	0.3999213393494432	22	26443235	26476078	1	protein_coding	capn2l	calpain 2, (m/II) large subunit, like [Source:ZFIN;Acc:ZDB-GENE-050417-341]
ENSDARG00000043719	9.782874929981628e-6	0.001435685486413198	0.6062795018869694	1	56036644	56080165	-1	protein_coding	c3a.6	complement component c3a, duplicate 6 [Source:ZFIN;Acc:ZDB-GENE-041212-2]
ENSDARG00000058605	9.874032025405677e-6	0.001439529932124933	0.4903749986408975	5	12562188	12587053	-1	protein_coding	vsig10	V-set and immunoglobulin domain containing 10 [Source:NCBI gene;Acc:100005564]
ENSDARG00000115956	9.951964308069626e-6	0.0014414086867112607	-0.5054004546326801	13	1542493	1552927	1	protein_coding	CABZ01044281.1	NA
ENSDARG00000069566	1.02693715504435e-5	0.0014777225555703114	0.7098603889386919	1	45149844	45157243	-1	protein_coding	mucms1	mucin, multiple PTS and SEA group, member 1 [Source:ZFIN;Acc:ZDB-GENE-061009-17]
ENSDARG00000103556	1.0386381341725274e-5	0.0014849174873073038	1.3373215835236725	11	29734586	29737088	-1	protein_coding	si:ch211-218g23.6	si:ch211-218g23.6 [Source:ZFIN;Acc:ZDB-GENE-141216-449]
ENSDARG00000021924	1.0898940496853836e-5	0.0015481172648299957	0.7353205533298476	3	26123736	26127091	1	protein_coding	hsp70.3	heat shock cognate 70-kd protein, tandem duplicate 3 [Source:ZFIN;Acc:ZDB-GENE-110713-1]
ENSDARG00000009702	1.1003392937428991e-5	0.0015481172648299957	0.8455775666551112	7	49695904	49715154	1	protein_coding	ascl1b	si:ch211-210p4.6 [Source:NCBI gene;Acc:560440]
ENSDARG00000057303	1.1038020209527948e-5	0.0015481172648299957	0.2547024876855651	1	38142354	38170906	1	protein_coding	galnt7	UDP-N-acetyl-alpha-D-galactosamine: polypeptide N-acetylgalactosaminyltransferase 7 [Source:ZFIN;Acc:ZDB-GENE-050522-284]
ENSDARG00000038068	1.1170754071231221e-5	0.0015568799384810305	0.2123141508902404	3	25269861	25275403	-1	protein_coding	ddx5	DEAD (Asp-Glu-Ala-Asp) box helicase 5 [Source:ZFIN;Acc:ZDB-GENE-030131-925]
ENSDARG00000038424	1.161106776607501e-5	0.0016081328856013888	1.1841912461295248	16	16665203	16701718	-1	protein_coding	c4b	complement 4B (Chido blood group) [Source:ZFIN;Acc:ZDB-GENE-100805-2]
ENSDARG00000055752	1.179353053742427e-5	0.0016232586131013776	-0.33526918317255877	14	30636955	30642819	-1	protein_coding	npas4a	neuronal PAS domain protein 4a [Source:NCBI gene;Acc:724016]
ENSDARG00000079267	1.1949900619043068e-5	0.0016334898535688362	0.8369477605791947	5	66755748	66798729	-1	protein_coding	fermt3a	fermitin family member 3a [Source:ZFIN;Acc:ZDB-GENE-081031-46]
ENSDARG00000088612	1.2015290890420591e-5	0.0016334898535688362	0.9248667971808813	14	11509638	11529311	-1	protein_coding	si:ch211-153b23.7	si:ch211-153b23.7 [Source:ZFIN;Acc:ZDB-GENE-141216-14]
ENSDARG00000074967	1.3239299090885903e-5	0.0017889199259392172	0.30520288655364897	15	29092527	29114467	-1	protein_coding	zgc:162698	zgc:162698 [Source:ZFIN;Acc:ZDB-GENE-041111-185]
ENSDARG00000058160	1.4078843472507847e-5	0.0018908313415198419	1.2306460277982096	13	7442023	7453702	1	protein_coding	tnfaip2b	tumor necrosis factor, alpha-induced protein 2b [Source:ZFIN;Acc:ZDB-GENE-081107-56]
ENSDARG00000074501	1.521469795327206e-5	0.002019933203619328	0.8239042713649747	1	37372919	37377509	-1	protein_coding	tnip2	TNFAIP3 interacting protein 2 [Source:ZFIN;Acc:ZDB-GENE-120913-2]
ENSDARG00000091116	1.5222420803448906e-5	0.002019933203619328	0.5023919384600474	19	22850657	22919764	1	protein_coding	pkhd1l1	polycystic kidney and hepatic disease 1 (autosomal recessive)-like 1 [Source:ZFIN;Acc:ZDB-GENE-060503-475]
ENSDARG00000088539	1.549120916545773e-5	0.0020433642565865673	0.6969103912393387	10	22123831	22127942	-1	protein_coding	ponzr2	plac8 onzin related protein 2 [Source:ZFIN;Acc:ZDB-GENE-050411-41]
ENSDARG00000039892	1.641155169090414e-5	0.0021519525767481405	0.5158221929585068	17	15213496	15219940	1	protein_coding	gnpnat1	glucosamine-phosphate N-acetyltransferase 1 [Source:ZFIN;Acc:ZDB-GENE-050522-450]
ENSDARG00000087492	1.7054012538482137e-5	0.0022230406932515537	0.6861733584003159	21	44041088	44081540	-1	protein_coding	FO704810.1	arf-GAP with Rho-GAP domain, ANK repeat and PH domain-containing protein 1-like [Source:NCBI gene;Acc:100005008]
ENSDARG00000105674	1.7892646975672608e-5	0.0023187196314672803	1.285019659046094	4	76671012	76688961	1	protein_coding	ms4a17a.2	membrane-spanning 4-domains, subfamily A, member 17a.2 [Source:ZFIN;Acc:ZDB-GENE-070705-367]
ENSDARG00000089312	1.8118604946930296e-5	0.0023343504978138104	1.8459874792171143	3	5331428	5342333	1	protein_coding	si:ch73-106l15.4	si:ch73-106l15.4 [Source:ZFIN;Acc:ZDB-GENE-131120-96]
ENSDARG00000092204	1.8411097638883378e-5	0.002358323258252345	0.8513327121522404	4	76659013	76667229	1	protein_coding	ms4a17a.5	membrane-spanning 4-domains, subfamily A, member 17A.5 [Source:ZFIN;Acc:ZDB-GENE-040912-55]
ENSDARG00000099448	1.921873197083022e-5	0.0024476270142160784	0.4328035170957098	16	35905031	35938157	1	protein_coding	sh3d21	SH3 domain containing 21 [Source:ZFIN;Acc:ZDB-GENE-051120-57]
ENSDARG00000040158	2.0301416048241774e-5	0.00257073931216593	0.2105754533708404	16	31815244	31824525	-1	protein_coding	cdc42l	cell division cycle 42, like [Source:ZFIN;Acc:ZDB-GENE-030131-6069]
ENSDARG00000098899	2.0517773986213276e-5	0.002583374270082308	0.6022482661854875	1	59555936	59567685	-1	protein_coding	zmp:0000001082	zmp:0000001082 [Source:ZFIN;Acc:ZDB-GENE-140106-42]
ENSDARG00000079315	2.1056052355662496e-5	0.0026361701706298355	1.0282130640574032	8	19948606	19977088	-1	protein_coding	lpxn	leupaxin [Source:ZFIN;Acc:ZDB-GENE-081105-159]
ENSDARG00000005972	2.1320766148555953e-5	0.002654315605910112	0.27504180295141567	18	15287065	15329471	-1	protein_coding	ric8b	RIC8 guanine nucleotide exchange factor B [Source:NCBI gene;Acc:334503]
ENSDARG00000073912	2.2809768727594917e-5	0.0028204994128605172	1.3152465071111377	1	54650048	54659923	1	protein_coding	si:ch211-202h22.7	si:ch211-202h22.7 [Source:ZFIN;Acc:ZDB-GENE-090313-77]
ENSDARG00000104642	2.2910193786773154e-5	0.0028204994128605172	0.7913563494841659	12	44162747	44171241	-1	protein_coding	si:dkey-31i7.2	si:dkey-31i7.2 [Source:ZFIN;Acc:ZDB-GENE-131121-104]
ENSDARG00000016391	2.340487994681546e-5	0.00285906269951022	-0.30306967133688817	11	2111582	2131280	-1	protein_coding	calcoco1b	calcium binding and coiled-coil domain 1b [Source:ZFIN;Acc:ZDB-GENE-031118-126]
ENSDARG00000045959	2.3481471629551447e-5	0.00285906269951022	1.0196761764048756	16	3103182	3127749	-1	protein_coding	csf3r	colony stimulating factor 3 receptor (granulocyte) [Source:ZFIN;Acc:ZDB-GENE-080104-4]
ENSDARG00000037158	2.4079152132194227e-5	0.0029090319023933418	0.41842611175811306	16	34185613	34195002	-1	protein_coding	rcc1	regulator of chromosome condensation 1 [Source:ZFIN;Acc:ZDB-GENE-040426-2216]
ENSDARG00000013024	2.415441651806746e-5	0.0029090319023933418	0.5364692962065956	10	2899108	2921297	1	protein_coding	erap1a	endoplasmic reticulum aminopeptidase 1a [Source:ZFIN;Acc:ZDB-GENE-091113-7]
ENSDARG00000094485	2.4999202247963086e-5	0.002994499036837092	1.2602391142033347	1	35662474	35695724	-1	protein_coding	si:dkey-27h10.2	si:dkey-27h10.2 [Source:ZFIN;Acc:ZDB-GENE-090313-296]
ENSDARG00000027141	2.5170154732880823e-5	0.0029987668219389196	0.2091513578797055	5	13337507	13353905	-1	protein_coding	ube2l3b	ubiquitin-conjugating enzyme E2L 3b [Source:ZFIN;Acc:ZDB-GENE-030131-662]
ENSDARG00000114022	2.5656792049012616e-5	0.0030403984588562544	0.186258891684567	14	164556	187110	1	protein_coding	WDR1	WD repeat domain 1 [Source:HGNC Symbol;Acc:HGNC:12754]
ENSDARG00000099774	2.7692450180629603e-5	0.0032641739149082555	0.4697220683684908	7	67733759	67744619	1	protein_coding	cyb5b	cytochrome b5 type B [Source:ZFIN;Acc:ZDB-GENE-040426-2614]
ENSDARG00000117512	2.8830690352740173e-5	0.003379397791897635	-0.8828657031768653	1	56671781	56693370	-1	lincRNA	LO018605.3	NA
ENSDARG00000088689	2.8974981067714376e-5	0.003379397791897635	0.6116956780495777	16	152182	168150	1	protein_coding	si:ch211-201o1.1	si:ch211-201o1.1 [Source:ZFIN;Acc:ZDB-GENE-120709-60]
ENSDARG00000015278	2.996608730399944e-5	0.003476693689301715	0.5183786959744723	4	18281954	18315912	-1	protein_coding	plxnc1	plexin C1 [Source:ZFIN;Acc:ZDB-GENE-030131-1620]
ENSDARG00000040466	3.085837118018511e-5	0.003561570340379698	-0.29825377967376393	9	44907768	44953664	-1	protein_coding	vil1	villin 1 [Source:ZFIN;Acc:ZDB-GENE-040426-799]
ENSDARG00000007241	3.308872867715746e-5	0.0037992032512218095	-0.3848425011349044	2	32016256	32018371	1	protein_coding	mycb	MYC proto-oncogene, bHLH transcription factor b [Source:NCBI gene;Acc:393141]
ENSDARG00000038785	4.0281660769901424e-5	0.0046012453745413176	0.3255128495267333	2	32505554	32513538	-1	protein_coding	abcf2a	ATP-binding cassette, sub-family F (GCN20), member 2a [Source:ZFIN;Acc:ZDB-GENE-030131-8714]
ENSDARG00000099786	4.1326086177684526e-5	0.004696338818961482	0.15043838045842806	15	43398317	43510872	1	protein_coding	actn4	actinin, alpha 4 [Source:ZFIN;Acc:ZDB-GENE-030131-940]
ENSDARG00000001303	4.3340754564249816e-5	0.004900158781345795	1.2218628017659117	19	7105838	7144548	-1	protein_coding	psmb8a	proteasome 20S subunit beta 8A [Source:ZFIN;Acc:ZDB-GENE-990415-141]
ENSDARG00000005122	4.3662735743692367e-5	0.004911503675534126	0.22174018071050042	21	17051478	17108649	1	protein_coding	atp2a2b	ATPase sarcoplasmic/endoplasmic reticulum Ca2+ transporting 2b [Source:ZFIN;Acc:ZDB-GENE-030131-867]
ENSDARG00000042876	4.610807016203964e-5	0.005160377953488881	0.3625259031692813	20	36806398	36818195	1	protein_coding	abracl	ABRA C-terminal like [Source:NCBI gene;Acc:336650]
ENSDARG00000069956	4.648471749719424e-5	0.005169645423556899	-0.3017956717482172	8	38190233	38317914	-1	protein_coding	pdlim2	PDZ and LIM domain 2 (mystique) [Source:ZFIN;Acc:ZDB-GENE-070308-4]
ENSDARG00000006588	4.665744967109115e-5	0.005169645423556899	0.6631367988698577	1	45173421	45177401	-1	protein_coding	zgc:111983	zgc:111983 [Source:ZFIN;Acc:ZDB-GENE-050417-335]
ENSDARG00000104693	4.699872599987495e-5	0.005181551085359348	0.2837177740813822	10	5788620	5821584	-1	protein_coding	il6st	interleukin 6 signal transducer [Source:ZFIN;Acc:ZDB-GENE-080104-6]
ENSDARG00000002745	4.9279947752304744e-5	0.005384773892914404	-0.28092192895951623	20	18992679	18998022	1	protein_coding	tdh	L-threonine dehydrogenase [Source:ZFIN;Acc:ZDB-GENE-040426-2379]
ENSDARG00000062049	4.9501313294382894e-5	0.005384773892914404	0.47790846893980493	22	17611836	17653143	-1	protein_coding	arhgap45b	Rho GTPase activating protein 45b [Source:ZFIN;Acc:ZDB-GENE-071213-2]
ENSDARG00000069192	4.95710232019196e-5	0.005384773892914404	0.5234830629391075	13	33669936	33671694	-1	protein_coding	zgc:163030	zgc:163030 [Source:ZFIN;Acc:ZDB-GENE-060810-77]
ENSDARG00000025033	5.0650250588320356e-5	0.005475168551400874	0.2375750509414945	14	8594367	8616663	1	protein_coding	stx5a	syntaxin 5A [Source:ZFIN;Acc:ZDB-GENE-040718-18]
ENSDARG00000017634	5.2090629620851845e-5	0.0056035356912528	0.23054949510102482	20	34084331	34090740	-1	protein_coding	pdcb	phosducin b [Source:ZFIN;Acc:ZDB-GENE-031023-2]
ENSDARG00000017741	5.2382538047464005e-5	0.005607715184211606	0.23460605241254903	14	25923373	25935167	-1	protein_coding	g3bp1	GTPase activating protein (SH3 domain) binding protein 1 [Source:ZFIN;Acc:ZDB-GENE-030131-7452]
ENSDARG00000074390	5.5192777550911735e-5	0.005880153608308673	0.5015184555602855	16	46649469	46664465	-1	protein_coding	tmem176l.4	transmembrane protein 176l.4 [Source:ZFIN;Acc:ZDB-GENE-030131-3532]
ENSDARG00000016457	5.99881030400285e-5	0.0063604610687417774	0.5006591727230438	12	13282797	13306883	1	protein_coding	irf9	interferon regulatory factor 9 [Source:ZFIN;Acc:ZDB-GENE-040912-165]
ENSDARG00000004173	6.167030871691249e-5	0.006507685910318003	0.14319299479390601	2	37176814	37206080	1	protein_coding	copa	coatomer protein complex, subunit alpha [Source:ZFIN;Acc:ZDB-GENE-020905-2]
ENSDARG00000056600	6.19879735425247e-5	0.006510206131290746	0.3100216182472006	12	17458949	17479078	-1	protein_coding	papss2b	3'-phosphoadenosine 5'-phosphosulfate synthase 2b [Source:ZFIN;Acc:ZDB-GENE-010323-5]
ENSDARG00000009266	6.239272508447644e-5	0.006521805603169801	0.6079869303657829	25	24181067	24202576	-1	protein_coding	uevld	UEV and lactate/malate dehyrogenase domains [Source:NCBI gene;Acc:445225]
ENSDARG00000055395	6.342538171553046e-5	0.006598621872376315	-0.5579169358901181	20	26683933	26685395	1	protein_coding	foxq1b	forkhead box Q1b [Source:ZFIN;Acc:ZDB-GENE-040426-2090]
ENSDARG00000018643	6.410917760267892e-5	0.006638595213436285	-0.37997395376205045	7	48870496	48876480	1	protein_coding	igf2a	insulin-like growth factor 2a [Source:ZFIN;Acc:ZDB-GENE-991111-3]
ENSDARG00000045525	6.456346876543901e-5	0.00665454171089362	0.22185072100014622	4	25754725	25812329	-1	protein_coding	tmcc3	transmembrane and coiled-coil domain family 3 [Source:ZFIN;Acc:ZDB-GENE-030131-1811]
ENSDARG00000012903	6.498826763154169e-5	0.006667314864421129	-0.38214488067565844	1	14432434	14442902	1	protein_coding	slc34a2a	solute carrier family 34 member 2a [Source:ZFIN;Acc:ZDB-GENE-000524-1]
ENSDARG00000055705	6.57913337071866e-5	0.0066998920903063326	0.33450514977327706	9	34127005	34147996	1	protein_coding	f5	coagulation factor V [Source:ZFIN;Acc:ZDB-GENE-030131-5531]
ENSDARG00000117818	6.591049078008938e-5	0.0066998920903063326	0.7609621333115419	7	936128	964628	1	lincRNA	CR926130.2	NA
ENSDARG00000023188	7.27696306913628e-5	0.007363356237993606	0.4223736924829395	9	56251000	56272465	-1	protein_coding	lcp1	lymphocyte cytosolic protein 1 (L-plastin) [Source:NCBI gene;Acc:30583]
ENSDARG00000008165	7.472284766479675e-5	0.0075266286556904365	0.49965783104041406	16	41993551	42004544	-1	protein_coding	caspa	caspase a [Source:ZFIN;Acc:ZDB-GENE-000616-3]
ENSDARG00000076189	7.590944216363544e-5	0.007580620119702388	0.4551836562165476	14	45702521	45772506	1	protein_coding	ccdc88b	coiled-coil domain containing 88B [Source:ZFIN;Acc:ZDB-GENE-080303-31]
ENSDARG00000021891	7.594303549521346e-5	0.007580620119702388	0.43727020671043954	16	54804815	54810464	-1	protein_coding	zbtb7b	zinc finger and BTB domain containing 7B [Source:ZFIN;Acc:ZDB-GENE-040426-1134]
ENSDARG00000101569	7.709322631616717e-5	0.007660923296709706	0.2150555787243218	14	24934736	25001584	1	protein_coding	ppargc1b	peroxisome proliferator-activated receptor gamma, coactivator 1 beta [Source:ZFIN;Acc:ZDB-GENE-030616-43]
ENSDARG00000067797	8.057619070934999e-5	0.007971287438032123	0.5628696355469937	25	35553542	35572245	1	protein_coding	spi1a	Spi-1 proto-oncogene a [Source:ZFIN;Acc:ZDB-GENE-060825-351]
ENSDARG00000034423	8.235562057472227e-5	0.008111113564159314	-0.3204803606453117	13	22659153	22673166	1	protein_coding	sncga	synuclein, gamma a [Source:ZFIN;Acc:ZDB-GENE-050417-18]
ENSDARG00000020377	8.340684278224791e-5	0.008151075954899369	0.1929677827602101	7	66634167	66654025	1	protein_coding	eif4g2a	eukaryotic translation initiation factor 4, gamma 2a [Source:ZFIN;Acc:ZDB-GENE-030131-2173]
ENSDARG00000043899	8.349703257049443e-5	0.008151075954899369	0.7532248556375816	15	47920629	47929455	-1	protein_coding	psma6l	proteasome 20S subunit alpha 6, like [Source:ZFIN;Acc:ZDB-GENE-010502-2]
ENSDARG00000069944	8.430326479369844e-5	0.008193685736089288	1.026435256629502	15	1134870	1142663	1	protein_coding	p2ry13	purinergic receptor P2Y13 [Source:ZFIN;Acc:ZDB-GENE-110208-5]
ENSDARG00000015088	8.986736509579291e-5	0.008696335417130004	0.32754030451743543	9	32641026	32648725	-1	protein_coding	dnajb11	DnaJ heat shock protein family (Hsp40) member B11 [Source:ZFIN;Acc:ZDB-GENE-031113-9]
ENSDARG00000076586	9.379899915227784e-5	0.009037329657454247	1.10848499807818	3	24314697	24338163	-1	protein_coding	csf2rb	colony stimulating factor 2 receptor, beta, low-affinity (granulocyte-macrophage) [Source:ZFIN;Acc:ZDB-GENE-080115-1]
ENSDARG00000074287	1.0246192749348217e-4	0.00982924810933145	0.243475059464106	20	5330540	5369105	-1	protein_coding	sptlc2b	serine palmitoyltransferase, long chain base subunit 2b [Source:ZFIN;Acc:ZDB-GENE-080305-8]
ENSDARG00000031702	1.0446858037423027e-4	0.009978550608159237	0.1963180356016437	12	6195191	6451609	1	protein_coding	prkg1b	protein kinase cGMP-dependent 1b [Source:ZFIN;Acc:ZDB-GENE-080225-40]
ENSDARG00000098204	1.0574618961456164e-4	0.010057234171067322	0.8841169052679996	9	563547	582037	1	protein_coding	CU984600.2	si:dkeyp-118h9.7 [Source:NCBI gene;Acc:555303]
ENSDARG00000035178	1.0771244787974844e-4	0.010170238766385632	0.5807499539989484	5	55543580	55560937	-1	protein_coding	gna14	guanine nucleotide binding protein (G protein), alpha 14 [Source:ZFIN;Acc:ZDB-GENE-040808-7]
ENSDARG00000100131	1.0785226128612923e-4	0.010170238766385632	0.8744017461932585	7	53152108	53210386	1	protein_coding	cdh29	cadherin 29 [Source:ZFIN;Acc:ZDB-GENE-141212-240]
ENSDARG00000114451	1.1433892263181873e-4	0.010736231040343656	1.3352925255409127	10	38610741	38620514	1	protein_coding	mmp13a	matrix metallopeptidase 13a [Source:ZFIN;Acc:ZDB-GENE-031202-2]
ENSDARG00000117312	1.173332200130736e-4	0.010970903609661228	-0.48645833921757037	8	40502765	40526398	1	lincRNA	CABZ01044746.1	sb:cb288 [Source:NCBI gene;Acc:321191]
ENSDARG00000042055	1.1880194172442529e-4	0.011061558943753212	-0.38259666156595606	20	34400715	34419523	1	protein_coding	niban1a	niban apoptosis regulator 1a [Source:ZFIN;Acc:ZDB-GENE-041014-181]
ENSDARG00000093316	1.2183679862521275e-4	0.011296667186337718	0.7608926167256139	20	35719375	35750810	-1	protein_coding	adgrf8	adhesion G protein-coupled receptor F8 [Source:ZFIN;Acc:ZDB-GENE-130531-41]
ENSDARG00000117808	1.2327445162588492e-4	0.011382341033456707	0.8874321629418825	12	45368547	45379131	-1	lincRNA	CABZ01068366.1	NA
ENSDARG00000042010	1.264354461539701e-4	0.011625765505277915	-0.2920516238498781	16	54450407	54455573	-1	protein_coding	pklr	pyruvate kinase L/R [Source:ZFIN;Acc:ZDB-GENE-010907-1]
ENSDARG00000102058	1.274372427734015e-4	0.01166945991677098	0.4699233725444203	14	31751260	31755722	1	protein_coding	si:dkeyp-11e3.1	si:dkeyp-11e3.1 [Source:ZFIN;Acc:ZDB-GENE-141222-55]
ENSDARG00000005549	1.3054327192666153e-4	0.011904686855534237	-0.23643757944551932	7	30209911	30227878	-1	protein_coding	znf710b	zinc finger protein 710b [Source:ZFIN;Acc:ZDB-GENE-120503-2]
ENSDARG00000088589	1.3242365942595007e-4	0.01202667333147153	-0.9404771860479858	7	22675475	22677211	1	protein_coding	ponzr3	plac8 onzin related protein 3 [Source:ZFIN;Acc:ZDB-GENE-050506-38]
ENSDARG00000077473	1.3436632583231373e-4	0.012153297063037029	-0.37756834055799005	6	50451337	50454833	1	protein_coding	mych	myelocytomatosis oncogene homolog [Source:ZFIN;Acc:ZDB-GENE-030219-51]
ENSDARG00000075253	1.3497527765316724e-4	0.012158748588594252	0.2519296366495531	15	7064819	7161877	1	protein_coding	pik3cb	phosphatidylinositol-4,5-bisphosphate 3-kinase, catalytic subunit beta [Source:ZFIN;Acc:ZDB-GENE-030131-1904]
ENSDARG00000068006	1.3738216576077882e-4	0.012311642951237127	-1.8573200573543578	8	40476811	40490593	1	protein_coding	gck	glucokinase (hexokinase 4) [Source:ZFIN;Acc:ZDB-GENE-060825-204]
ENSDARG00000094854	1.3778372977918805e-4	0.012311642951237127	0.39234368619353044	4	76608282	76633286	1	protein_coding	ms4a17a.9	membrane-spanning 4-domains, subfamily A, member 17A.9 [Source:ZFIN;Acc:ZDB-GENE-050320-79]
ENSDARG00000105481	1.4596155551814888e-4	0.012989992250129234	1.4595461211263074	1	45341934	45347393	-1	protein_coding	si:ch211-243a20.4	si:ch211-243a20.4 [Source:ZFIN;Acc:ZDB-GENE-061207-29]
ENSDARG00000025269	1.4678514221392314e-4	0.013011035005842147	0.14616514921316193	19	42847306	42875185	1	protein_coding	pdcd6ip	programmed cell death 6 interacting protein [Source:ZFIN;Acc:ZDB-GENE-040426-2678]
ENSDARG00000007886	1.497566334543748e-4	0.013221541822107354	0.3542573953781824	20	51237646	51267192	-1	protein_coding	slc35b2	solute carrier family 35 member B2 [Source:ZFIN;Acc:ZDB-GENE-050213-1]
ENSDARG00000025091	1.5439571500370784e-4	0.013577020017786372	0.1723612616451869	20	13564931	13625588	-1	protein_coding	ezrb	ezrin b [Source:ZFIN;Acc:ZDB-GENE-050803-1]
ENSDARG00000041041	1.5567788875424485e-4	0.013620290139839635	0.6335981407826969	16	11818126	11825303	1	protein_coding	cxcr3.2	chemokine (C-X-C motif) receptor 3, tandem duplicate 2 [Source:NCBI gene;Acc:791973]
ENSDARG00000095796	1.5713910845011316e-4	0.013620290139839635	0.48449683447451114	16	17714664	17719792	1	protein_coding	si:dkey-87o1.2	si:dkey-87o1.2 [Source:ZFIN;Acc:ZDB-GENE-110411-217]
ENSDARG00000079420	1.5745720585453633e-4	0.013620290139839635	-0.363681581830197	22	11628438	11648322	-1	protein_coding	dpp4	dipeptidyl-peptidase 4 [Source:ZFIN;Acc:ZDB-GENE-081104-277]
ENSDARG00000025535	1.5791507850147117e-4	0.013620290139839635	0.2244238689125596	14	35279343	35390283	1	protein_coding	clint1a	clathrin interactor 1a [Source:ZFIN;Acc:ZDB-GENE-030131-2590]
ENSDARG00000060671	1.5796094611637121e-4	0.013620290139839635	-0.47955533194947403	9	46369932	46399611	-1	protein_coding	lct	lactase [Source:ZFIN;Acc:ZDB-GENE-081104-434]
ENSDARG00000018361	1.6185545353957965e-4	0.01390200329626777	-0.3591181597837189	8	46559332	46581448	-1	protein_coding	sult1st3	sulfotransferase family 1, cytosolic sulfotransferase 3 [Source:NCBI gene;Acc:368270]
ENSDARG00000009612	1.6556310703083463e-4	0.01416555386796639	-0.5386121808195917	11	24013769	24016813	-1	protein_coding	chia.3	chitinase, acidic.3 [Source:ZFIN;Acc:ZDB-GENE-040426-2891]
ENSDARG00000056719	1.723663026285205e-4	0.01469091256249236	-0.2785308106141217	16	18974064	18998549	1	protein_coding	slc6a19b	solute carrier family 6 member 19b [Source:ZFIN;Acc:ZDB-GENE-030131-4755]
ENSDARG00000040717	1.7350321624021994e-4	0.014731154298403349	0.36450178385117604	16	19637384	19677375	1	protein_coding	macc1	MET transcriptional regulator MACC1 [Source:ZFIN;Acc:ZDB-GENE-091006-3]
ENSDARG00000105117	1.7556692914408295e-4	0.014849477671117856	-0.23738503547645964	21	9366967	9384374	-1	protein_coding	sdad1	SDA1 domain containing 1 [Source:NCBI gene;Acc:286746]
ENSDARG00000024789	1.7886914774135874e-4	0.015071255946572281	1.4545511318714877	9	32805688	32813177	-1	protein_coding	mxc	myxovirus (influenza virus) resistance C [Source:NCBI gene;Acc:360145]
ENSDARG00000102458	1.8301957326584013e-4	0.015362552058981125	0.3232051381400286	5	66366865	66429357	-1	protein_coding	hip1rb	huntingtin interacting protein 1 related b [Source:ZFIN;Acc:ZDB-GENE-070209-59]
ENSDARG00000008186	1.8993871617362625e-4	0.015850841106287	0.34941755046883194	10	5533843	5581487	-1	protein_coding	syk	spleen tyrosine kinase [Source:ZFIN;Acc:ZDB-GENE-040702-3]
ENSDARG00000031316	1.902673165285353e-4	0.015850841106287	0.32543911164174183	20	20531002	20533865	-1	protein_coding	six6b	SIX homeobox 6b [Source:ZFIN;Acc:ZDB-GENE-050522-308]
ENSDARG00000033735	1.999922792692009e-4	0.016598610144589857	0.6498432580544009	5	61432541	61445697	-1	protein_coding	ncf1	neutrophil cytosolic factor 1 [Source:ZFIN;Acc:ZDB-GENE-031006-6]
ENSDARG00000090346	2.017261516338347e-4	0.016656360516190575	-0.4163604671266829	24	23988970	23998897	-1	protein_coding	zmp:0000000991	zmp:0000000991 [Source:ZFIN;Acc:ZDB-GENE-130530-994]
ENSDARG00000043403	2.0219137991224118e-4	0.016656360516190575	0.6730620935921894	8	15239549	15250265	1	protein_coding	paox1	polyamine oxidase (exo-N4-amino) 1 [Source:ZFIN;Acc:ZDB-GENE-081104-436]
ENSDARG00000100900	2.0695206977175607e-4	0.016985399504230055	1.7742495405883463	7	8967974	8981507	-1	protein_coding	si:ch211-183d5.2	si:ch211-183d5.2 [Source:ZFIN;Acc:ZDB-GENE-141216-406]
ENSDARG00000053152	2.0845425104741894e-4	0.01704555794542732	-0.2033062987527941	24	35183595	35219631	1	protein_coding	pcmtd1	protein-L-isoaspartate (D-aspartate) O-methyltransferase domain containing 1 [Source:ZFIN;Acc:ZDB-GENE-030131-5387]
ENSDARG00000039684	2.1033646796261613e-4	0.017112835868705118	0.3722826922752729	20	7052870	7069612	-1	protein_coding	sirt5	sirtuin 5 [Source:NCBI gene;Acc:436878]
ENSDARG00000027063	2.1082148881572643e-4	0.017112835868705118	0.34356639883852497	3	40809011	40820612	1	protein_coding	arpc1b	actin related protein 2/3 complex, subunit 1B [Source:ZFIN;Acc:ZDB-GENE-030131-7414]
ENSDARG00000045089	2.1294093691013707e-4	0.017170174315047273	1.1381771600630401	13	20379392	20381485	-1	protein_coding	si:ch211-270n8.1	si:ch211-270n8.1 [Source:ZFIN;Acc:ZDB-GENE-081107-34]
ENSDARG00000091699	2.1307752421651627e-4	0.017170174315047273	0.28614916556084397	13	42725712	42757565	-1	protein_coding	capn2a	calpain 2, (m/II) large subunit a [Source:ZFIN;Acc:ZDB-GENE-050320-69]
ENSDARG00000053646	2.1422422980384902e-4	0.017186705458571837	-0.4762925914573732	8	37700090	37738751	1	protein_coding	adrb3a	adrenoceptor beta 3a [Source:ZFIN;Acc:ZDB-GENE-080917-21]
ENSDARG00000054610	2.1483381823214797e-4	0.017186705458571837	0.4281735488267988	3	30926364	30941362	-1	protein_coding	coro1a	coronin, actin binding protein, 1A [Source:ZFIN;Acc:ZDB-GENE-030131-9512]
ENSDARG00000014024	2.1599013906631364e-4	0.017217055689602554	1.4255672396339552	4	76752707	76762432	1	protein_coding	ms4a17a.4	membrane-spanning 4-domains, subfamily A, member 17A.4 [Source:ZFIN;Acc:ZDB-GENE-070822-16]
ENSDARG00000043141	2.1802467456358003e-4	0.017316941893652092	0.28488154715278524	17	33311784	33339626	1	protein_coding	si:ch211-132f19.7	si:ch211-132f19.7 [Source:ZFIN;Acc:ZDB-GENE-130530-619]
ENSDARG00000076820	2.1988434549903883e-4	0.017366990040431844	-0.6751536568548605	19	24994270	25005609	-1	protein_coding	xkr8.2	XK, Kell blood group complex subunit-related family, member 8, tandem duplicate 2 [Source:ZFIN;Acc:ZDB-GENE-110106-2]
ENSDARG00000075643	2.2022221125276843e-4	0.017366990040431844	0.6934120731726999	3	29941777	29948955	1	protein_coding	ifi35	interferon-induced protein 35 [Source:ZFIN;Acc:ZDB-GENE-100311-2]
ENSDARG00000076891	2.2413434237593418e-4	0.017612826337059226	-0.25862105008162356	10	34958583	34961758	1	protein_coding	rfxap	regulatory factor X-associated protein [Source:ZFIN;Acc:ZDB-GENE-091204-321]
ENSDARG00000018618	2.3089786803547497e-4	0.01808020055005698	-0.14530431574824285	4	2041067	2059302	-1	protein_coding	cpsf6	cleavage and polyadenylation specific factor 6 [Source:NCBI gene;Acc:327069]
ENSDARG00000045661	2.342000625904132e-4	0.018274202066913933	0.7811305617037216	25	25546789	25550955	-1	protein_coding	irf7	interferon regulatory factor 7 [Source:ZFIN;Acc:ZDB-GENE-040426-1518]
ENSDARG00000086248	2.364092117155294e-4	0.018334233704866185	-0.7576997134386412	18	48515579	48517040	-1	protein_coding	kcnj1a.3	potassium inwardly rectifying channel subfamily J member 1a, tandem duplicate 3 [Source:ZFIN;Acc:ZDB-GENE-050420-256]
ENSDARG00000044039	2.3662413536063758e-4	0.018334233704866185	0.6516947383789958	17	7727464	7733037	-1	protein_coding	stx11a	syntaxin 11a [Source:ZFIN;Acc:ZDB-GENE-040426-2564]
ENSDARG00000056938	2.463877752765282e-4	0.019024226829713813	-0.22576409777457007	4	16337156	16345227	-1	protein_coding	kera	keratocan [Source:NCBI gene;Acc:567017]
ENSDARG00000062315	2.49462391383091e-4	0.019194745114754504	0.1696507299668128	15	21779681	21837515	-1	protein_coding	sik2b	salt-inducible kinase 2b [Source:ZFIN;Acc:ZDB-GENE-071012-1]
ENSDARG00000035859	2.563132766494859e-4	0.019653640866964042	0.3079243039200272	2	24536762	24542518	1	protein_coding	angptl4	angiopoietin-like 4 [Source:ZFIN;Acc:ZDB-GENE-041111-222]
ENSDARG00000090882	2.611157498920971e-4	0.019952844888306454	1.17317193043428	22	6182981	6194580	-1	protein_coding	si:rp71-36a1.5	si:rp71-36a1.5 [Source:ZFIN;Acc:ZDB-GENE-091204-428]
ENSDARG00000012694	2.682844786199292e-4	0.020430185725833785	0.8289087505354723	1	56130222	56176976	-1	protein_coding	c3a.1	complement component c3a, duplicate 1 [Source:ZFIN;Acc:ZDB-GENE-990415-35]
ENSDARG00000090344	2.6934095315788933e-4	0.020440395623215164	1.5487363670776104	11	21096339	21099783	1	protein_coding	il19l	interleukin 19 like [Source:ZFIN;Acc:ZDB-GENE-071121-1]
ENSDARG00000040064	2.720049337483618e-4	0.020499137819156903	0.6263892637938357	9	30478768	30490414	1	protein_coding	acp6	acid phosphatase 6, lysophosphatidic [Source:ZFIN;Acc:ZDB-GENE-050208-290]
ENSDARG00000091058	2.725410845331027e-4	0.020499137819156903	0.8072386500283265	14	7764331	7786585	-1	protein_coding	sting1	stimulator of interferon response cGAMP interactor 1 [Source:NCBI gene;Acc:101243556]
ENSDARG00000098386	2.73764940651454e-4	0.020499137819156903	-0.24776018004854253	16	35415575	35532937	-1	protein_coding	ctps1b	CTP synthase 1b [Source:ZFIN;Acc:ZDB-GENE-040801-160]
ENSDARG00000003808	2.738151983064279e-4	0.020499137819156903	0.353287888846597	5	43006422	43011814	1	protein_coding	aqp3a	aquaporin 3a [Source:ZFIN;Acc:ZDB-GENE-040426-2826]
ENSDARG00000058327	2.8247997427124e-4	0.02107662030252754	-0.3830358892316773	21	21803363	21809107	1	protein_coding	neu3.3	sialidase 3 (membrane sialidase), tandem duplicate 3 [Source:ZFIN;Acc:ZDB-GENE-061103-511]
ENSDARG00000068367	2.855847254302291e-4	0.021236770186355287	0.3522675652752105	20	51274297	51307815	-1	protein_coding	nfkbie	nuclear factor of kappa light polypeptide gene enhancer in B-cells inhibitor, epsilon [Source:ZFIN;Acc:ZDB-GENE-061215-132]
ENSDARG00000019294	2.868450007881124e-4	0.021251541573310162	0.5479467873808588	7	73453486	73455918	1	protein_coding	cbln8	cerebellin 8 [Source:ZFIN;Acc:ZDB-GENE-080204-13]
ENSDARG00000041108	2.8770137508993905e-4	0.021251541573310162	0.3040837653901965	18	26422124	26428525	1	protein_coding	ctsh	cathepsin H [Source:ZFIN;Acc:ZDB-GENE-030131-3539]
ENSDARG00000101485	2.915182859315673e-4	0.021461944240011733	0.3167839298625446	17	51201217	51202339	-1	protein_coding	si:ch1073-469d17.2	si:ch1073-469d17.2 [Source:ZFIN;Acc:ZDB-GENE-141216-487]
ENSDARG00000043128	2.9459985158746097e-4	0.021616995732377933	0.32789240454975704	15	2638884	2640966	-1	protein_coding	cldne	claudin e [Source:ZFIN;Acc:ZDB-GENE-010328-5]
ENSDARG00000062831	2.968549958176358e-4	0.02164388975061877	0.17271921941640084	16	10557504	10638020	1	protein_coding	si:ch73-22o12.1	si:ch73-22o12.1 [Source:ZFIN;Acc:ZDB-GENE-110411-27]
ENSDARG00000043436	2.969197871926041e-4	0.02164388975061877	0.5205366683749172	20	17038903	17041025	-1	protein_coding	si:dkey-5n18.1	si:dkey-5n18.1 [Source:ZFIN;Acc:ZDB-GENE-041014-144]
ENSDARG00000042824	3.0994340474437004e-4	0.0225191667184762	0.20594596582667596	9	1654284	1683368	1	protein_coding	nfe2l2a	nuclear factor, erythroid 2-like 2a [Source:ZFIN;Acc:ZDB-GENE-030723-2]
ENSDARG00000053563	3.1670062051898233e-4	0.022890479511514347	0.9672320560982427	4	76755294	76774721	1	protein_coding	ms4a17a.12	membrane-spanning 4-domains, subfamily A, member 17A.12 [Source:ZFIN;Acc:ZDB-GENE-080829-4]
ENSDARG00000038826	3.1711991020013107e-4	0.022890479511514347	-0.1760049751176389	2	30290719	30324610	-1	protein_coding	jph1b	junctophilin 1b [Source:ZFIN;Acc:ZDB-GENE-060616-389]
ENSDARG00000045792	3.2410860362625974e-4	0.023318982650512715	-0.9751748225991997	25	18159795	18249751	-1	protein_coding	si:dkey-106n21.1	si:dkey-106n21.1 [Source:ZFIN;Acc:ZDB-GENE-131120-167]
ENSDARG00000079745	3.273425794981366e-4	0.023475441947180282	-0.24343846663363533	8	4445232	4508248	-1	protein_coding	si:ch211-166a6.5	si:ch211-166a6.5 [Source:ZFIN;Acc:ZDB-GENE-030131-9913]
ENSDARG00000102929	3.383146534657475e-4	0.02418404103484182	0.6520533664221294	7	45992048	45993499	-1	protein_coding	C7H19orf12	zgc:101715 [Source:ZFIN;Acc:ZDB-GENE-040912-59]
ENSDARG00000104571	3.477378477389252e-4	0.02477771931155814	-0.4007981174810377	6	23931236	23939154	1	protein_coding	gadd45ab	growth arrest and DNA-damage-inducible, alpha, b [Source:ZFIN;Acc:ZDB-GENE-040704-60]
ENSDARG00000005774	3.6364573694293095e-4	0.025828171572613298	0.1292916014213965	6	59832786	59850404	1	protein_coding	ddx3xb	DEAD-box helicase 3 X-linked b [Source:ZFIN;Acc:ZDB-GENE-980526-150]
ENSDARG00000104225	3.6572815102914097e-4	0.025893085708644615	0.22223068158849021	3	48584684	48612078	-1	protein_coding	ndel1b	nudE neurodevelopment protein 1-like 1b [Source:NCBI gene;Acc:333957]
ENSDARG00000102441	3.759717892604259e-4	0.026533550477742158	0.2803292393702553	24	34488316	34680956	-1	protein_coding	ctnna1	catenin (cadherin-associated protein), alpha 1 [Source:ZFIN;Acc:ZDB-GENE-991207-24]
ENSDARG00000068303	3.9136704414708903e-4	0.02753236094698252	1.782613031541175	18	39060687	39065115	1	protein_coding	zgc:171509	zgc:171509 [Source:ZFIN;Acc:ZDB-GENE-080219-48]
ENSDARG00000031588	4.0260633431476073e-4	0.027986518898715226	0.7512812942752147	12	38929663	38974869	1	protein_coding	si:dkey-239b22.1	si:dkey-239b22.1 [Source:ZFIN;Acc:ZDB-GENE-131119-12]
ENSDARG00000094012	4.0298119729184487e-4	0.027986518898715226	0.5842062452316479	9	35077546	35081981	1	protein_coding	si:dkey-192g7.3	si:dkey-192g7.3 [Source:ZFIN;Acc:ZDB-GENE-070912-411]
ENSDARG00000034063	4.0311238251443957e-4	0.027986518898715226	0.7928277611130459	17	53349626	53353653	-1	protein_coding	unm_sa911	un-named sa911 [Source:ZFIN;Acc:ZDB-GENE-120727-3]
ENSDARG00000056557	4.0419273634958e-4	0.027986518898715226	0.1669836899393378	7	27802480	27820976	1	protein_coding	copb1	coatomer protein complex, subunit beta 1 [Source:NCBI gene;Acc:338138]
ENSDARG00000009001	4.042657327631748e-4	0.027986518898715226	0.3567675197147171	20	31217495	31231122	1	protein_coding	pdia6	protein disulfide isomerase family A, member 6 [Source:ZFIN;Acc:ZDB-GENE-030131-879]
ENSDARG00000055868	4.0540038657434956e-4	0.027986518898715226	-0.2342024237849715	12	19384615	19393968	1	protein_coding	rsl1d1	ribosomal L1 domain containing 1 [Source:ZFIN;Acc:ZDB-GENE-130603-67]
ENSDARG00000012745	4.1015409313878507e-4	0.028226753738992163	0.4746970348285905	19	34169055	34218156	1	protein_coding	poc1bl	POC1 centriolar protein homolog B (Chlamydomonas), like [Source:ZFIN;Acc:ZDB-GENE-050306-41]
ENSDARG00000088745	4.1519085126820676e-4	0.028484920322301738	1.040656891823888	1	59073203	59089598	1	protein_coding	MFAP4	zgc:173915 [Source:ZFIN;Acc:ZDB-GENE-071004-112]
ENSDARG00000092379	4.2761658070277094e-4	0.029246862433251246	0.5267976409290046	8	2478862	2481965	1	protein_coding	si:dkeyp-51b9.3	si:dkeyp-51b9.3 [Source:ZFIN;Acc:ZDB-GENE-081104-469]
ENSDARG00000098293	4.3310180092034613e-4	0.029530879718138062	0.5820969602343365	14	14560932	14566417	-1	protein_coding	si:dkey-27i16.2	si:dkey-27i16.2 [Source:ZFIN;Acc:ZDB-GENE-030131-9667]
ENSDARG00000045768	4.4286329699338344e-4	0.03010383638458091	0.17845048563849902	4	12013043	12026507	1	protein_coding	cry1a	cryptochrome circadian regulator 1a [Source:ZFIN;Acc:ZDB-GENE-010426-2]
ENSDARG00000042988	4.472727051118385e-4	0.03031059065834355	0.2247156569271364	1	12009673	12044390	1	protein_coding	slc24a2	solute carrier family 24 member 2 [Source:ZFIN;Acc:ZDB-GENE-060825-277]
ENSDARG00000068123	4.537216167858357e-4	0.030653875085286948	-0.241773553503583	8	49706387	49728754	-1	protein_coding	gkap1	G kinase anchoring protein 1 [Source:NCBI gene;Acc:406581]
ENSDARG00000100442	4.552097465648111e-4	0.030660936121204293	0.44989705472488173	22	23641801	23668468	-1	protein_coding	cfh	complement factor H [Source:ZFIN;Acc:ZDB-GENE-050208-661]
ENSDARG00000003866	4.575161911717419e-4	0.03072290544353273	0.15222384989947615	1	29798140	29824375	1	protein_coding	tm9sf2	transmembrane 9 superfamily member 2 [Source:ZFIN;Acc:ZDB-GENE-030131-6302]
ENSDARG00000070669	4.7462758150317697e-4	0.031649530213975305	0.33506659948928275	16	11834516	11840134	1	protein_coding	cxcr3.3	chemokine (C-X-C motif) receptor 3, tandem duplicate 3 [Source:ZFIN;Acc:ZDB-GENE-100922-34]
ENSDARG00000006811	4.749893822508269e-4	0.031649530213975305	-0.354637101878791	12	15197857	15205087	-1	protein_coding	sult1st6	sulfotransferase family 1, cytosolic sulfotransferase 6 [Source:ZFIN;Acc:ZDB-GENE-040718-343]
ENSDARG00000104399	4.7559988994827506e-4	0.031649530213975305	0.8789966553101481	22	5478353	5479326	1	protein_coding	tppp	tubulin polymerization promoting protein [Source:ZFIN;Acc:ZDB-GENE-101115-2]
ENSDARG00000101849	4.8274816764728003e-4	0.03202904010498121	-0.15825494423433353	4	8670662	8711031	1	protein_coding	adipor2	adiponectin receptor 2 [Source:ZFIN;Acc:ZDB-GENE-041210-60]
ENSDARG00000056047	4.851252004471561e-4	0.0320906699758477	1.321484837696461	5	29142797	29152464	-1	protein_coding	noxa1	NADPH oxidase activator 1 [Source:ZFIN;Acc:ZDB-GENE-050913-32]
ENSDARG00000021309	4.8723918710039734e-4	0.03213458448257382	0.2542435332130985	6	48382697	48418021	-1	protein_coding	rhoca	ras homolog family member Ca [Source:ZFIN;Acc:ZDB-GENE-040426-1337]
ENSDARG00000074782	4.937566069222906e-4	0.03240485788093168	1.1816913528477593	7	64936903	64955976	1	protein_coding	adgrg3	adhesion G protein-coupled receptor G3 [Source:ZFIN;Acc:ZDB-GENE-140106-110]
ENSDARG00000077217	4.956949807680364e-4	0.03240485788093168	0.6190524336530083	17	45648836	45678386	1	protein_coding	zgc:162184	zgc:162184 [Source:ZFIN;Acc:ZDB-GENE-070424-83]
ENSDARG00000061796	4.973127867399912e-4	0.03240485788093168	0.29596394626351774	18	35742838	35802483	1	protein_coding	rasgrp4	RAS guanyl releasing protein 4 [Source:ZFIN;Acc:ZDB-GENE-050419-110]
ENSDARG00000031136	4.980633488167458e-4	0.03240485788093168	0.671176785854318	20	25225112	25271878	1	protein_coding	moxd1	monooxygenase, DBH-like 1 [Source:NCBI gene;Acc:570584]
ENSDARG00000041569	4.986487607128927e-4	0.03240485788093168	0.3410161591157217	18	17408470	17415609	-1	protein_coding	ces2a	carboxylesterase 2a [Source:ZFIN;Acc:ZDB-GENE-061013-99]
ENSDARG00000070043	5.002341737133345e-4	0.03241283417978799	-0.12197118315915954	9	10699038	10759513	1	protein_coding	dars1	aspartyl-tRNA synthetase 1 [Source:ZFIN;Acc:ZDB-GENE-061110-135]
ENSDARG00000008553	5.040647100871692e-4	0.03256581333974248	-0.36909708589552503	17	3124129	3166898	1	protein_coding	zgc:136872	zgc:136872 [Source:ZFIN;Acc:ZDB-GENE-060421-5204]
ENSDARG00000038489	5.29283910051032e-4	0.03409573094979904	0.5479996195858073	22	36656680	36661461	1	protein_coding	b3gnt7	UDP-GlcNAc:betaGal beta-1,3-N-acetylglucosaminyltransferase 7 [Source:ZFIN;Acc:ZDB-GENE-021210-4]
ENSDARG00000102514	5.386358779139406e-4	0.03453977935028278	2.133721615499596	5	42882679	42883761	-1	protein_coding	BX323596.2	C-X-C motif chemokine 11-6-like [Source:NCBI gene;Acc:100334604]
ENSDARG00000069377	5.404290278432913e-4	0.03453977935028278	-0.588241232938853	10	17987288	17988779	-1	protein_coding	si:dkey-242g16.2	si:dkey-242g16.2 [Source:ZFIN;Acc:ZDB-GENE-030131-8324]
ENSDARG00000105212	5.417103971595798e-4	0.03453977935028278	0.5824415638877227	22	23693195	23706771	-1	protein_coding	cfhl1	complement factor H like 1 [Source:ZFIN;Acc:ZDB-GENE-050208-342]
ENSDARG00000039381	5.428483642729415e-4	0.03453977935028278	-0.3994101176160296	18	26853891	26854959	-1	protein_coding	ch25hl1.1	cholesterol 25-hydroxylase like 1, tandem duplicate 1 [Source:NCBI gene;Acc:336673]
ENSDARG00000091702	5.439703516808976e-4	0.03453977935028278	0.8516009566516176	11	2434262	2446346	1	protein_coding	csnk2a4	casein kinase 2, alpha 4 polypeptide [Source:ZFIN;Acc:ZDB-GENE-141210-9]
ENSDARG00000117735	5.543546147806884e-4	0.035077524550886516	1.0956327042822098	7	980292	989868	1	lincRNA	CR926130.1	NA
ENSDARG00000074776	5.556051948267675e-4	0.035077524550886516	0.5633955933670167	1	25154076	25177225	-1	protein_coding	tmem154	transmembrane protein 154 [Source:ZFIN;Acc:ZDB-GENE-030131-2401]
ENSDARG00000105364	5.586175359795697e-4	0.035167513060532	1.0015259510493906	7	5180261	5191797	-1	protein_coding	si:ch73-223f5.1	si:ch73-223f5.1 [Source:ZFIN;Acc:ZDB-GENE-160113-94]
ENSDARG00000006112	5.638226992929182e-4	0.03539464877147611	0.26736036461449975	12	10517473	10567188	-1	protein_coding	myof	myoferlin [Source:ZFIN;Acc:ZDB-GENE-040426-1138]
ENSDARG00000057322	5.661565666966971e-4	0.03544076135027912	-0.15253117577233752	8	18565904	18582922	-1	protein_coding	tmem47	transmembrane protein 47 [Source:NCBI gene;Acc:406640]
ENSDARG00000035631	5.719079626852578e-4	0.035555234703345005	0.3514651314873474	5	13308531	13315726	-1	protein_coding	sdf2l1	stromal cell-derived factor 2-like 1 [Source:ZFIN;Acc:ZDB-GENE-040808-46]
ENSDARG00000099389	5.733813774138328e-4	0.035555234703345005	-0.24879554913994692	KN149707.2	4029	7435	1	protein_coding	cdo1	cysteine dioxygenase, type I [Source:NCBI gene;Acc:393714]
ENSDARG00000029290	5.738335159398727e-4	0.035555234703345005	0.38362313427243233	20	26538137	26541177	1	protein_coding	stx11b.1	syntaxin 11b, tandem duplicate 1 [Source:ZFIN;Acc:ZDB-GENE-040426-1893]
ENSDARG00000102640	5.744031599186603e-4	0.035555234703345005	0.19285963951001964	25	30343012	30357027	-1	protein_coding	pdia3	protein disulfide isomerase family A, member 3 [Source:ZFIN;Acc:ZDB-GENE-031002-9]
ENSDARG00000020326	5.924514927108983e-4	0.03657026484254458	0.3783558315733203	3	46479705	46555542	1	protein_coding	tyk2	tyrosine kinase 2 [Source:ZFIN;Acc:ZDB-GENE-071116-4]
ENSDARG00000043798	5.95333283593367e-4	0.036646071012302814	1.6665831330612084	4	76692834	76701249	1	protein_coding	ms4a17a.1	membrane-spanning 4-domains, subfamily A, member 17A.1 [Source:ZFIN;Acc:ZDB-GENE-050417-307]
ENSDARG00000013752	5.992071124848355e-4	0.036782353497684085	0.39370728774582436	25	31264155	31275944	1	protein_coding	tnni2a.3	troponin I type 2a (skeletal, fast), tandem duplicate 3 [Source:ZFIN;Acc:ZDB-GENE-040718-80]
ENSDARG00000052115	6.01549846369077e-4	0.036824156341267254	0.7253181084415028	25	10410620	10436906	1	protein_coding	ehf	ets homologous factor [Source:ZFIN;Acc:ZDB-GENE-060312-7]
ENSDARG00000015343	6.210136116923149e-4	0.03791091359532148	0.22109118688513307	23	29381441	29394505	-1	protein_coding	pgd	phosphogluconate dehydrogenase [Source:ZFIN;Acc:ZDB-GENE-040426-2807]
ENSDARG00000104314	6.301045988161505e-4	0.03836021403781839	0.2633711391981555	10	7284121	7472359	-1	protein_coding	nrg1	neuregulin 1 [Source:ZFIN;Acc:ZDB-GENE-050302-113]
ENSDARG00000038729	6.409322776722138e-4	0.0389124911594966	0.5307547088090736	21	7863243	7882905	-1	protein_coding	s100z	S100 calcium binding protein Z [Source:ZFIN;Acc:ZDB-GENE-050522-69]
ENSDARG00000075676	6.464443989368253e-4	0.03913991224163948	0.3505028099181565	23	1580294	1587955	-1	protein_coding	fndc7b	fibronectin type III domain containing 7b [Source:ZFIN;Acc:ZDB-GENE-100922-114]
ENSDARG00000104197	6.724900595086116e-4	0.04060593928804041	0.5167460019098212	23	26142613	26180539	1	protein_coding	ptpn22	protein tyrosine phosphatase non-receptor type 22 [Source:ZFIN;Acc:ZDB-GENE-060503-458]
ENSDARG00000004301	6.880405163030032e-4	0.04143200500346345	0.45104399832586906	21	30937690	30951909	1	protein_coding	rhogb	ras homolog family member Gb [Source:ZFIN;Acc:ZDB-GENE-030131-8877]
ENSDARG00000079766	7.031269447553616e-4	0.04222572654682605	0.9525920285999115	16	48678655	48708045	1	protein_coding	tap1	transporter 1, ATP-binding cassette, sub-family B (MDR/TAP) [Source:ZFIN;Acc:ZDB-GENE-050517-43]
ENSDARG00000030494	7.065300920608103e-4	0.042315423892074475	0.37619993791271894	16	42883799	42894628	-1	protein_coding	hjv	hemojuvelin BMP co-receptor [Source:ZFIN;Acc:ZDB-GENE-030131-651]
ENSDARG00000116804	7.131819385299947e-4	0.04259868398335494	0.6104437542802487	20	54829098	54869006	-1	protein_coding	CABZ01037174.1	NA
ENSDARG00000100599	7.169295895653681e-4	0.0427074185612058	1.6506775881221123	16	31676281	31686602	-1	protein_coding	c1s	complement component 1, s subcomponent [Source:ZFIN;Acc:ZDB-GENE-030131-1232]
ENSDARG00000104325	7.215412814989406e-4	0.04280251862763495	0.6584455916075971	13	1070705	1085973	-1	protein_coding	plek	pleckstrin [Source:ZFIN;Acc:ZDB-GENE-040426-1506]
ENSDARG00000111102	7.223890779212758e-4	0.04280251862763495	-0.23184722468042254	24	25692802	25695056	1	protein_coding	camk2n2	calcium/calmodulin-dependent protein kinase II inhibitor 2 [Source:ZFIN;Acc:ZDB-GENE-040718-389]
ENSDARG00000022466	7.407797772509753e-4	0.0437751463036843	0.42199943973264603	7	22853788	22900344	1	protein_coding	clcn5b	chloride channel, voltage-sensitive 5b [Source:ZFIN;Acc:ZDB-GENE-110407-11]
ENSDARG00000002670	7.435835097243448e-4	0.0438239642965199	-0.20613777405673525	17	10748366	10766679	1	protein_coding	ATG14	zgc:113944 [Source:ZFIN;Acc:ZDB-GENE-050913-155]
ENSDARG00000094041	7.730794400496445e-4	0.04544148644960244	-0.4201708762226744	19	5367330	5372572	-1	protein_coding	krt17	keratin 17 [Source:ZFIN;Acc:ZDB-GENE-060503-86]
ENSDARG00000005112	7.770263509213195e-4	0.04555265591644561	-0.16661325701833743	16	26774182	26802798	1	protein_coding	cdh17	cadherin 17, LI cadherin (liver-intestine) [Source:ZFIN;Acc:ZDB-GENE-030910-3]
ENSDARG00000061357	7.922306806950566e-4	0.04627665844908186	0.6671373147890016	25	34862225	34870891	1	protein_coding	chst6	carbohydrate sulfotransferase 6 [Source:ZFIN;Acc:ZDB-GENE-060810-74]
ENSDARG00000087869	7.935528073398513e-4	0.04627665844908186	0.4092636404315989	3	26173069	26184018	-1	protein_coding	si:ch211-11k18.4	si:ch211-11k18.4 [Source:ZFIN;Acc:ZDB-GENE-070912-22]
ENSDARG00000011897	8.066316835772698e-4	0.04691590054612152	0.28264295566937364	7	49619375	49637278	-1	protein_coding	tsg101b	tumor susceptibility 101b [Source:ZFIN;Acc:ZDB-GENE-130530-542]
ENSDARG00000102097	8.19596507187301e-4	0.04754517957924238	0.28446580384271325	1	18716	23389	1	protein_coding	nfkbiz	nuclear factor of kappa light polypeptide gene enhancer in B-cells inhibitor, zeta [Source:ZFIN;Acc:ZDB-GENE-071024-1]
ENSDARG00000088711	8.354050876989633e-4	0.048181369460124086	0.615597524273194	3	28939759	28946756	1	protein_coding	lgals1l1	lectin, galactoside-binding, soluble, 1 (galectin 1)-like 1 [Source:ZFIN;Acc:ZDB-GENE-030131-4905]
ENSDARG00000103980	8.370190301549225e-4	0.048181369460124086	0.3016113766170182	10	187760	196815	1	protein_coding	ets2	v-ets avian erythroblastosis virus E26 oncogene homolog 2 [Source:ZFIN;Acc:ZDB-GENE-050522-552]
ENSDARG00000043198	8.370860668839247e-4	0.048181369460124086	0.6387646334579236	22	6393227	6404910	-1	protein_coding	si:rp71-1i20.2	si:rp71-1i20.2 [Source:ZFIN;Acc:ZDB-GENE-040724-207]
ENSDARG00000075229	8.435561558795635e-4	0.048314471489890244	0.7666821994490252	10	4924388	4934610	1	protein_coding	slc46a2	solute carrier family 46 member 2 [Source:ZFIN;Acc:ZDB-GENE-170126-3]
ENSDARG00000036695	8.437590463261519e-4	0.048314471489890244	-0.15354170304783807	23	35981839	36003441	-1	protein_coding	calcoco1a	calcium binding and coiled-coil domain 1a [Source:NCBI gene;Acc:334971]
ENSDARG00000092115	8.533485854966125e-4	0.04873764086238385	0.23423636465559122	7	26510827	26518086	-1	protein_coding	eif4a1a	eukaryotic translation initiation factor 4A1A [Source:ZFIN;Acc:ZDB-GENE-031030-2]
ENSDARG00000013076	8.597099197917672e-4	0.04897473476243075	-0.29754114019990363	2	21164930	21170517	-1	protein_coding	bmi1b	bmi1 polycomb ring finger oncogene 1b [Source:NCBI gene;Acc:394249]
ENSDARG00000015890	8.635761131930607e-4	0.049068837611174934	-0.2601898780835352	18	29402623	29413756	1	protein_coding	mafa	v-maf avian musculoaponeurotic fibrosarcoma oncogene homolog a (paralog a) [Source:ZFIN;Acc:ZDB-GENE-010605-2]
ENSDARG00000060682	8.666348963968386e-4	0.049116698987606	0.38747760870334375	9	45591239	45603009	-1	protein_coding	agr1	anterior gradient 1 [Source:ZFIN;Acc:ZDB-GENE-030131-7249]
ENSDARG00000076241	8.736325386572344e-4	0.049386982287357946	-0.22159765810381046	17	6358160	6382392	-1	protein_coding	txlnbb	taxilin beta b [Source:ZFIN;Acc:ZDB-GENE-070424-77]
ENSDARG00000093347	0.00088186774224759915	0.049662530552263724	0.7544508165897786	1	45138905	45146834	-1	protein_coding	si:ch211-239f4.6	si:ch211-239f4.6 [Source:ZFIN;Acc:ZDB-GENE-061009-18]
ENSDARG00000098114	8.829890359924146e-4	0.049662530552263724	0.24543724295315317	6	55396807	55423220	-1	protein_coding	ctsa	cathepsin A [Source:ZFIN;Acc:ZDB-GENE-030131-537]
